process.b1.capacity,process.b2.capacity,process.b3.capacity,process.b4.capacity,property.price,property.product,property.winner,verification.time
0,0,2,1,59,1,0,163.31666666666666
0,0,2,1,59,2,0,200.86
0,0,2,1,59,4,0,154.88888888888889
0,0,2,1,59,6,0,108.64
0,0,2,1,60,1,0,85.46666666666667
0,0,2,1,60,1,3,82.0
0,0,2,1,60,1,4,154.25
0,0,2,1,60,2,0,80.95
0,0,2,1,60,2,3,78.0
0,0,2,1,60,2,4,197.01
0,0,2,1,60,4,0,80.25
0,0,2,1,60,4,3,77.91666666666667
0,0,2,1,60,4,4,144.69444444444446
0,0,2,1,60,6,0,88.12
0,0,2,1,60,6,3,78.84
0,0,2,1,60,6,4,78.15
0,0,2,1,69,3,0,112.05
0,0,2,1,69,5,0,322.05555555555554
0,0,2,1,70,3,0,87.1
0,0,2,1,70,3,3,97.11
0,0,2,1,70,3,4,80.86
0,0,2,1,70,5,0,194.4388888888889
0,0,2,1,70,5,3,378.8222222222222
0,0,2,1,70,5,4,207.7722222222222
0,1,1,1,59,1,0,646.675
0,1,1,1,59,4,0,564.6346153846154
0,1,1,1,59,6,0,248.21666666666667
0,1,1,1,60,1,0,578.625
0,1,1,1,60,4,0,523.9615384615385
0,1,1,1,60,6,0,90.0
0,1,1,1,60,6,2,94.58333333333331
0,1,1,1,60,6,3,243.51666666666668
0,1,1,1,60,6,4,225.05
0,1,1,1,61,1,0,608.2
0,1,1,1,61,4,0,546.3461538461538
0,1,1,1,62,1,0,596.475
0,1,1,1,62,4,0,554.1153846153846
0,1,1,1,63,1,0,603.65
0,1,1,1,63,4,0,553.7692307692307
0,1,1,1,64,1,0,532.8
0,1,1,1,64,4,0,483.46153846153845
0,1,1,1,65,1,0,567.975
0,1,1,1,65,4,0,505.96153846153845
0,1,1,1,66,1,0,564.3
0,1,1,1,66,4,0,496.1730769230769
0,1,1,1,67,1,0,588.9
0,1,1,1,67,4,0,522.6346153846154
0,1,1,1,68,1,0,537.075
0,1,1,1,68,4,0,481.6538461538461
0,1,1,1,69,1,0,544.05
0,1,1,1,69,3,0,178.4
0,1,1,1,69,4,0,512.3461538461538
0,1,1,1,69,5,0,751.1875
0,1,1,1,70,1,0,518.2
0,1,1,1,70,1,2,547.725
0,1,1,1,70,1,3,602.125
0,1,1,1,70,1,4,588.2
0,1,1,1,70,3,0,153.51666666666668
0,1,1,1,70,3,2,151.13333333333333
0,1,1,1,70,3,3,165.41666666666666
0,1,1,1,70,3,4,176.71666666666667
0,1,1,1,70,4,0,418.0576923076923
0,1,1,1,70,4,2,451.1538461538461
0,1,1,1,70,4,3,529.0769230769231
0,1,1,1,70,4,4,518.3653846153846
0,1,1,1,70,5,0,739.475
0,1,1,1,71,5,0,751.9875
0,1,1,1,72,5,0,740.4125
0,1,1,1,73,5,0,719.45
0,1,1,1,74,5,0,745.5375
0,1,1,1,75,5,0,734.5625
0,1,1,1,76,5,0,752.3
0,1,1,1,77,5,0,725.55
0,1,1,1,78,5,0,742.825
0,1,1,1,79,5,0,723.8125
0,1,1,1,80,5,0,101.7375
0,1,1,1,80,5,2,770.2375
0,1,1,1,80,5,3,770.75
0,1,1,1,80,5,4,106.3375
0,1,2,0,59,1,0,513.2333333333333
0,1,2,0,59,2,0,1527.53
0,1,2,0,59,4,0,476.3222222222222
0,1,2,0,59,6,0,145.4
0,1,2,0,60,1,0,443.01666666666665
0,1,2,0,60,2,0,1137.465
0,1,2,0,60,4,0,419.8555555555556
0,1,2,0,60,6,0,91.805
0,1,2,0,60,6,2,85.25
0,1,2,0,60,6,3,134.325
0,1,2,0,61,1,0,462.0583333333333
0,1,2,0,61,2,0,1293.665
0,1,2,0,61,4,0,441.8388888888889
0,1,2,0,62,1,0,463.7083333333333
0,1,2,0,62,2,0,1245.215
0,1,2,0,62,4,0,434.75
0,1,2,0,63,1,0,463.075
0,1,2,0,63,2,0,1290.88
0,1,2,0,63,4,0,455.26666666666665
0,1,2,0,64,1,0,389.3
0,1,2,0,64,2,0,991.07
0,1,2,0,64,4,0,362.81111111111113
0,1,2,0,65,1,0,411.825
0,1,2,0,65,2,0,1106.455
0,1,2,0,65,4,0,384.3388888888889
0,1,2,0,66,1,0,398.48333333333335
0,1,2,0,66,2,0,1098.255
0,1,2,0,66,4,0,377.3944444444445
0,1,2,0,67,1,0,428.8333333333333
0,1,2,0,67,2,0,1236.05
0,1,2,0,67,4,0,417.1388888888889
0,1,2,0,68,1,0,395.4583333333333
0,1,2,0,68,2,0,917.335
0,1,2,0,68,4,0,363.25555555555553
0,1,2,0,69,1,0,412.6666666666667
0,1,2,0,69,2,0,1020.25
0,1,2,0,69,3,0,109.71
0,1,2,0,69,4,0,399.27777777777777
0,1,2,0,70,1,0,383.19166666666666
0,1,2,0,70,1,2,412.525
0,1,2,0,70,1,3,455.6166666666667
0,1,2,0,70,2,0,1013.485
0,1,2,0,70,3,0,101.765
0,1,2,0,70,3,2,94.635
0,1,2,0,70,3,3,99.945
0,1,2,0,70,4,0,348.1555555555556
0,1,2,0,70,4,2,375.73333333333335
0,1,2,0,70,4,3,429.93888888888887
0,1,2,0,71,2,0,1123.56
0,1,2,0,72,2,0,1087.23
0,1,2,0,73,2,0,1260.775
0,1,2,0,74,2,0,1203.43
0,1,2,0,75,2,0,1345.56
0,1,2,0,76,2,0,979.395
0,1,2,0,77,2,0,1127.495
0,1,2,0,78,2,0,1113.075
0,1,2,0,79,2,0,1276.795
0,1,2,0,80,2,0,119.28
0,1,2,0,80,2,2,312.645
0,1,2,0,80,2,3,120.82
0,1,2,1,59,1,0,665.2261904761905
0,1,2,1,59,2,0,1716.807142857143
0,1,2,1,59,4,0,585.7870370370371
0,1,2,1,59,6,0,256.54285714285714
0,1,2,1,60,1,0,616.9166666666666
0,1,2,1,60,2,0,1300.9642857142858
0,1,2,1,60,4,0,552.8611111111111
0,1,2,1,60,6,0,92.24285714285716
0,1,2,1,60,6,2,94.55714285714286
0,1,2,1,60,6,3,249.07857142857145
0,1,2,1,60,6,4,228.8428571428572
0,1,2,1,61,1,0,640.5119047619048
0,1,2,1,61,2,0,1411.1642857142858
0,1,2,1,61,4,0,565.7037037037037
0,1,2,1,62,1,0,628.7261904761905
0,1,2,1,62,2,0,1390.7428571428572
0,1,2,1,62,4,0,572.4351851851852
0,1,2,1,63,1,0,628.702380952381
0,1,2,1,63,2,0,1417.6285714285714
0,1,2,1,63,4,0,571.8055555555555
0,1,2,1,64,1,0,560.1428571428571
0,1,2,1,64,2,0,1187.6357142857144
0,1,2,1,64,4,0,497.4074074074074
0,1,2,1,65,1,0,586.3333333333334
0,1,2,1,65,2,0,1317.15
0,1,2,1,65,4,0,519.2037037037037
0,1,2,1,66,1,0,576.3928571428571
0,1,2,1,66,2,0,1299.5285714285717
0,1,2,1,66,4,0,516.675925925926
0,1,2,1,67,1,0,598.5357142857143
0,1,2,1,67,2,0,1455.3785714285714
0,1,2,1,67,4,0,542.074074074074
0,1,2,1,68,1,0,557.4285714285714
0,1,2,1,68,2,0,1113.7214285714283
0,1,2,1,68,4,0,492.25
0,1,2,1,69,1,0,573.9642857142857
0,1,2,1,69,2,0,1208.7785714285717
0,1,2,1,69,3,0,184.72142857142856
0,1,2,1,69,4,0,522.9907407407408
0,1,2,1,69,5,0,763.0944444444444
0,1,2,1,70,1,0,528.5357142857143
0,1,2,1,70,1,2,577.5595238095239
0,1,2,1,70,1,3,630.3571428571429
0,1,2,1,70,1,4,607.7857142857143
0,1,2,1,70,2,0,1209.7214285714283
0,1,2,1,70,3,0,159.65
0,1,2,1,70,3,2,154.2
0,1,2,1,70,3,3,178.55
0,1,2,1,70,3,4,184.57857142857145
0,1,2,1,70,4,0,435.4907407407408
0,1,2,1,70,4,2,468.8703703703704
0,1,2,1,70,4,3,561.6851851851852
0,1,2,1,70,4,4,543.6574074074074
0,1,2,1,70,5,0,758.1166666666667
0,1,2,1,71,2,0,1341.2642857142855
0,1,2,1,71,5,0,762.5222222222222
0,1,2,1,72,2,0,1276.2785714285717
0,1,2,1,72,5,0,744.5611111111111
0,1,2,1,73,2,0,1459.3357142857142
0,1,2,1,73,5,0,727.5666666666667
0,1,2,1,74,2,0,1393.1214285714286
0,1,2,1,74,5,0,748.5722222222222
0,1,2,1,75,2,0,1550.7785714285717
0,1,2,1,75,5,0,735.5444444444445
0,1,2,1,76,2,0,1171.9714285714283
0,1,2,1,76,5,0,740.7777777777778
0,1,2,1,77,2,0,1309.6142857142856
0,1,2,1,77,5,0,734.8444444444444
0,1,2,1,78,2,0,1316.1857142857143
0,1,2,1,78,5,0,736.1833333333333
0,1,2,1,79,2,0,1480.9214285714286
0,1,2,1,79,5,0,742.3444444444444
0,1,2,1,80,2,0,126.50714285714284
0,1,2,1,80,2,2,369.97857142857146
0,1,2,1,80,2,3,130.6642857142857
0,1,2,1,80,2,4,1386.1571428571428
0,1,2,1,80,5,0,102.61666666666666
0,1,2,1,80,5,2,783.3722222222223
0,1,2,1,80,5,3,782.6888888888889
0,1,2,1,80,5,4,105.6
0,2,1,0,59,1,0,522.525
0,2,1,0,59,4,0,466.4625
0,2,1,0,59,6,0,144.525
0,2,1,0,60,1,0,447.9
0,2,1,0,60,4,0,412.4125
0,2,1,0,60,6,0,93.575
0,2,1,0,60,6,2,87.55
0,2,1,0,60,6,3,132.325
0,2,1,0,61,1,0,468.8
0,2,1,0,61,4,0,429.3125
0,2,1,0,62,1,0,476.3
0,2,1,0,62,4,0,431.5625
0,2,1,0,63,1,0,471.675
0,2,1,0,63,4,0,447.0125
0,2,1,0,64,1,0,394.275
0,2,1,0,64,4,0,351.3625
0,2,1,0,65,1,0,410.15
0,2,1,0,65,4,0,379.2375
0,2,1,0,66,1,0,399.35
0,2,1,0,66,4,0,375.925
0,2,1,0,67,1,0,434.025
0,2,1,0,67,4,0,406.8
0,2,1,0,68,1,0,391.625
0,2,1,0,68,4,0,357.725
0,2,1,0,69,1,0,411.95
0,2,1,0,69,3,0,105.425
0,2,1,0,69,4,0,395.3875
0,2,1,0,70,1,0,377.325
0,2,1,0,70,1,2,418.6
0,2,1,0,70,1,3,446.125
0,2,1,0,70,3,0,98.975
0,2,1,0,70,3,2,94.275
0,2,1,0,70,3,3,100.6
0,2,1,0,70,4,0,345.0
0,2,1,0,70,4,2,367.0
0,2,1,0,70,4,3,420.625
0,2,1,1,59,1,0,654.78125
0,2,1,1,59,4,0,570.2708333333334
0,2,1,1,59,6,0,257.1666666666667
0,2,1,1,60,1,0,607.625
0,2,1,1,60,4,0,544.7708333333334
0,2,1,1,60,6,0,92.75
0,2,1,1,60,6,2,95.97222222222224
0,2,1,1,60,6,3,245.36111111111111
0,2,1,1,60,6,4,230.75
0,2,1,1,61,1,0,623.0
0,2,1,1,61,4,0,550.0208333333334
0,2,1,1,62,1,0,620.375
0,2,1,1,62,4,0,551.4375
0,2,1,1,63,1,0,624.25
0,2,1,1,63,4,0,550.0625
0,2,1,1,64,1,0,559.21875
0,2,1,1,64,4,0,488.8958333333333
0,2,1,1,65,1,0,578.25
0,2,1,1,65,4,0,489.4375
0,2,1,1,66,1,0,568.4375
0,2,1,1,66,4,0,486.6458333333333
0,2,1,1,67,1,0,608.3125
0,2,1,1,67,4,0,526.5833333333334
0,2,1,1,68,1,0,560.65625
0,2,1,1,68,4,0,485.8333333333333
0,2,1,1,69,1,0,581.90625
0,2,1,1,69,3,0,177.75
0,2,1,1,69,4,0,512.5208333333334
0,2,1,1,69,5,0,745.525
0,2,1,1,70,1,0,523.40625
0,2,1,1,70,1,2,574.21875
0,2,1,1,70,1,3,609.34375
0,2,1,1,70,1,4,597.875
0,2,1,1,70,3,0,156.94444444444446
0,2,1,1,70,3,2,148.97222222222223
0,2,1,1,70,3,3,172.16666666666666
0,2,1,1,70,3,4,180.72222222222223
0,2,1,1,70,4,0,429.125
0,2,1,1,70,4,2,457.3958333333333
0,2,1,1,70,4,3,563.0625
0,2,1,1,70,4,4,541.4583333333334
0,2,1,1,70,5,0,756.35
0,2,1,1,71,5,0,750.65
0,2,1,1,72,5,0,739.6
0,2,1,1,73,5,0,727.05
0,2,1,1,74,5,0,758.275
0,2,1,1,75,5,0,724.4
0,2,1,1,76,5,0,736.95
0,2,1,1,77,5,0,741.675
0,2,1,1,78,5,0,781.25
0,2,1,1,79,5,0,736.225
0,2,1,1,80,5,0,103.975
0,2,1,1,80,5,2,779.025
0,2,1,1,80,5,3,771.8
0,2,1,1,80,5,4,104.5
0,2,2,0,59,1,0,511.4791666666667
0,2,2,0,59,2,0,1525.9107142857142
0,2,2,0,59,4,0,478.0416666666667
0,2,2,0,59,6,0,144.30357142857142
0,2,2,0,60,1,0,442.25
0,2,2,0,60,2,0,1135.2767857142858
0,2,2,0,60,4,0,413.9375
0,2,2,0,60,6,0,90.44642857142856
0,2,2,0,60,6,2,85.58035714285714
0,2,2,0,60,6,3,134.78571428571428
0,2,2,0,61,1,0,459.8229166666667
0,2,2,0,61,2,0,1283.669642857143
0,2,2,0,61,4,0,438.31944444444446
0,2,2,0,62,1,0,456.28125
0,2,2,0,62,2,0,1246.2857142857142
0,2,2,0,62,4,0,437.1875
0,2,2,0,63,1,0,462.78125
0,2,2,0,63,2,0,1302.4732142857142
0,2,2,0,63,4,0,454.06944444444446
0,2,2,0,64,1,0,387.1354166666667
0,2,2,0,64,2,0,1001.1428571428572
0,2,2,0,64,4,0,358.8611111111111
0,2,2,0,65,1,0,412.0729166666667
0,2,2,0,65,2,0,1101.6607142857142
0,2,2,0,65,4,0,384.40277777777777
0,2,2,0,66,1,0,389.625
0,2,2,0,66,2,0,1109.482142857143
0,2,2,0,66,4,0,384.27777777777777
0,2,2,0,67,1,0,420.5208333333333
0,2,2,0,67,2,0,1233.2767857142858
0,2,2,0,67,4,0,420.5625
0,2,2,0,68,1,0,383.6770833333333
0,2,2,0,68,2,0,910.6964285714286
0,2,2,0,68,4,0,364.56944444444446
0,2,2,0,69,1,0,408.9375
0,2,2,0,69,2,0,1011.9642857142856
0,2,2,0,69,3,0,111.11607142857144
0,2,2,0,69,4,0,394.0763888888889
0,2,2,0,70,1,0,376.8229166666667
0,2,2,0,70,1,2,417.8229166666667
0,2,2,0,70,1,3,448.3645833333333
0,2,2,0,70,2,0,1018.7142857142856
0,2,2,0,70,3,0,103.47321428571428
0,2,2,0,70,3,2,96.51785714285714
0,2,2,0,70,3,3,103.84821428571428
0,2,2,0,70,4,0,344.6458333333333
0,2,2,0,70,4,2,369.9166666666667
0,2,2,0,70,4,3,431.40277777777777
0,2,2,0,71,2,0,1120.4107142857142
0,2,2,0,72,2,0,1082.267857142857
0,2,2,0,73,2,0,1238.5267857142858
0,2,2,0,74,2,0,1198.071428571429
0,2,2,0,75,2,0,1337.205357142857
0,2,2,0,76,2,0,981.2410714285714
0,2,2,0,77,2,0,1129.607142857143
0,2,2,0,78,2,0,1101.482142857143
0,2,2,0,79,2,0,1285.4107142857142
0,2,2,0,80,2,0,116.82142857142856
0,2,2,0,80,2,2,311.9732142857143
0,2,2,0,80,2,3,123.60714285714286
0,2,2,1,59,1,0,678.7037037037037
0,2,2,1,59,2,0,1706.0378787878788
0,2,2,1,59,4,0,583.0763888888889
0,2,2,1,59,6,0,254.7651515151515
0,2,2,1,60,1,0,620.5
0,2,2,1,60,2,0,1310.6818181818182
0,2,2,1,60,4,0,555.9097222222222
0,2,2,1,60,6,0,91.25757575757576
0,2,2,1,60,6,2,93.21212121212122
0,2,2,1,60,6,3,245.25
0,2,2,1,60,6,4,227.28030303030303
0,2,2,1,61,1,0,641.8703703703703
0,2,2,1,61,2,0,1420.0454545454545
0,2,2,1,61,4,0,570.3402777777778
0,2,2,1,62,1,0,638.2129629629629
0,2,2,1,62,2,0,1396.8484848484848
0,2,2,1,62,4,0,574.0902777777778
0,2,2,1,63,1,0,644.0092592592592
0,2,2,1,63,2,0,1436.7954545454545
0,2,2,1,63,4,0,584.3055555555555
0,2,2,1,64,1,0,569.8611111111111
0,2,2,1,64,2,0,1201.8181818181818
0,2,2,1,64,4,0,499.55555555555554
0,2,2,1,65,1,0,596.6203703703703
0,2,2,1,65,2,0,1301.3030303030305
0,2,2,1,65,4,0,524.8055555555555
0,2,2,1,66,1,0,581.6111111111111
0,2,2,1,66,2,0,1301.0530303030305
0,2,2,1,66,4,0,506.97222222222223
0,2,2,1,67,1,0,619.6574074074074
0,2,2,1,67,2,0,1454.280303030303
0,2,2,1,67,4,0,544.1041666666666
0,2,2,1,68,1,0,574.7037037037037
0,2,2,1,68,2,0,1110.780303030303
0,2,2,1,68,4,0,504.1458333333333
0,2,2,1,69,1,0,590.574074074074
0,2,2,1,69,2,0,1224.4166666666667
0,2,2,1,69,3,0,186.20454545454547
0,2,2,1,69,4,0,531.3402777777778
0,2,2,1,69,5,0,756.5833333333334
0,2,2,1,70,1,0,548.7129629629629
0,2,2,1,70,1,2,596.2870370370371
0,2,2,1,70,1,3,636.1111111111111
0,2,2,1,70,1,4,629.2037037037037
0,2,2,1,70,2,0,1214.3257575757575
0,2,2,1,70,3,0,160.17424242424244
0,2,2,1,70,3,2,154.41666666666666
0,2,2,1,70,3,3,176.54545454545453
0,2,2,1,70,3,4,186.8560606060606
0,2,2,1,70,4,0,443.4861111111111
0,2,2,1,70,4,2,478.5208333333333
0,2,2,1,70,4,3,567.4652777777778
0,2,2,1,70,4,4,552.0347222222222
0,2,2,1,70,5,0,762.6388888888889
0,2,2,1,71,2,0,1325.9318181818182
0,2,2,1,71,5,0,760.2013888888889
0,2,2,1,72,2,0,1279.1742424242425
0,2,2,1,72,5,0,746.9652777777778
0,2,2,1,73,2,0,1451.659090909091
0,2,2,1,73,5,0,729.5902777777778
0,2,2,1,74,2,0,1407.871212121212
0,2,2,1,74,5,0,758.2847222222222
0,2,2,1,75,2,0,1557.2045454545455
0,2,2,1,75,5,0,751.1527777777778
0,2,2,1,76,2,0,1185.1515151515152
0,2,2,1,76,5,0,748.1736111111111
0,2,2,1,77,2,0,1322.4924242424242
0,2,2,1,77,5,0,755.9791666666666
0,2,2,1,78,2,0,1335.5454545454545
0,2,2,1,78,5,0,752.4722222222222
0,2,2,1,79,2,0,1494.6363636363635
0,2,2,1,79,5,0,742.2361111111111
0,2,2,1,80,2,0,129.5
0,2,2,1,80,2,2,379.8939393939394
0,2,2,1,80,2,3,133.0530303030303
0,2,2,1,80,2,4,1396.310606060606
0,2,2,1,80,5,0,103.15972222222224
0,2,2,1,80,5,2,786.0694444444445
0,2,2,1,80,5,3,793.3263888888889
0,2,2,1,80,5,4,104.94444444444444
0,3,1,0,59,1,0,537.875
0,3,1,0,59,4,0,472.2083333333333
0,3,1,0,59,6,0,137.875
0,3,1,0,60,1,0,478.125
0,3,1,0,60,4,0,417.375
0,3,1,0,60,6,0,93.25
0,3,1,0,60,6,2,92.5
0,3,1,0,60,6,3,139.125
0,3,1,0,61,1,0,456.875
0,3,1,0,61,4,0,441.2916666666667
0,3,1,0,62,1,0,473.375
0,3,1,0,62,4,0,432.25
0,3,1,0,63,1,0,461.5
0,3,1,0,63,4,0,457.2916666666667
0,3,1,0,64,1,0,387.0
0,3,1,0,64,4,0,353.2916666666667
0,3,1,0,65,1,0,412.125
0,3,1,0,65,4,0,378.125
0,3,1,0,66,1,0,397.0
0,3,1,0,66,4,0,374.6666666666667
0,3,1,0,67,1,0,439.375
0,3,1,0,67,4,0,415.4583333333333
0,3,1,0,68,1,0,400.0
0,3,1,0,68,4,0,366.875
0,3,1,0,69,1,0,416.25
0,3,1,0,69,3,0,113.875
0,3,1,0,69,4,0,393.8333333333333
0,3,1,0,70,1,0,374.625
0,3,1,0,70,1,2,403.0
0,3,1,0,70,1,3,457.5
0,3,1,0,70,3,0,106.25
0,3,1,0,70,3,2,94.0
0,3,1,0,70,3,3,97.0
0,3,1,0,70,4,0,333.0
0,3,1,0,70,4,2,361.0416666666667
0,3,1,0,70,4,3,421.125
0,3,1,1,59,1,0,706.4166666666666
0,3,1,1,59,4,0,595.9166666666666
0,3,1,1,59,6,0,248.08333333333331
0,3,1,1,60,1,0,626.0833333333334
0,3,1,1,60,4,0,554.625
0,3,1,1,60,6,0,92.58333333333331
0,3,1,1,60,6,2,95.66666666666669
0,3,1,1,60,6,3,256.8333333333333
0,3,1,1,60,6,4,225.25
0,3,1,1,61,1,0,672.75
0,3,1,1,61,4,0,551.7083333333334
0,3,1,1,62,1,0,621.8333333333334
0,3,1,1,62,4,0,551.375
0,3,1,1,63,1,0,643.4166666666666
0,3,1,1,63,4,0,581.2916666666666
0,3,1,1,64,1,0,574.6666666666666
0,3,1,1,64,4,0,495.25
0,3,1,1,65,1,0,591.0833333333334
0,3,1,1,65,4,0,502.875
0,3,1,1,66,1,0,580.5
0,3,1,1,66,4,0,512.9583333333334
0,3,1,1,67,1,0,635.3333333333334
0,3,1,1,67,4,0,531.875
0,3,1,1,68,1,0,576.8333333333334
0,3,1,1,68,4,0,491.5833333333333
0,3,1,1,69,1,0,580.8333333333334
0,3,1,1,69,3,0,185.91666666666663
0,3,1,1,69,4,0,511.0833333333333
0,3,1,1,69,5,0,748.1666666666666
0,3,1,1,70,1,0,537.0833333333334
0,3,1,1,70,1,2,592.8333333333334
0,3,1,1,70,1,3,644.9166666666666
0,3,1,1,70,1,4,599.1666666666666
0,3,1,1,70,3,0,156.83333333333334
0,3,1,1,70,3,2,145.75
0,3,1,1,70,3,3,178.0
0,3,1,1,70,3,4,186.08333333333331
0,3,1,1,70,4,0,431.3333333333333
0,3,1,1,70,4,2,456.25
0,3,1,1,70,4,3,533.5833333333334
0,3,1,1,70,4,4,547.2916666666666
0,3,1,1,70,5,0,757.9166666666666
0,3,1,1,71,5,0,755.25
0,3,1,1,72,5,0,730.8333333333334
0,3,1,1,73,5,0,714.9166666666666
0,3,1,1,74,5,0,741.0
0,3,1,1,75,5,0,722.3333333333334
0,3,1,1,76,5,0,704.4166666666666
0,3,1,1,77,5,0,717.5
0,3,1,1,78,5,0,741.8333333333334
0,3,1,1,79,5,0,713.3333333333334
0,3,1,1,80,5,0,102.41666666666669
0,3,1,1,80,5,2,755.6666666666666
0,3,1,1,80,5,3,777.3333333333334
0,3,1,1,80,5,4,103.83333333333331
0,3,2,0,59,1,0,521.6944444444445
0,3,2,0,59,2,0,1517.0833333333333
0,3,2,0,59,4,0,474.6388888888889
0,3,2,0,59,6,0,142.5
0,3,2,0,60,1,0,441.0
0,3,2,0,60,2,0,1159.638888888889
0,3,2,0,60,4,0,411.6111111111111
0,3,2,0,60,6,0,88.69444444444444
0,3,2,0,60,6,2,83.94444444444444
0,3,2,0,60,6,3,133.19444444444446
0,3,2,0,61,1,0,459.6666666666667
0,3,2,0,61,2,0,1291.1666666666667
0,3,2,0,61,4,0,442.2083333333333
0,3,2,0,62,1,0,473.4166666666667
0,3,2,0,62,2,0,1236.0833333333333
0,3,2,0,62,4,0,438.4861111111111
0,3,2,0,63,1,0,475.30555555555554
0,3,2,0,63,2,0,1318.361111111111
0,3,2,0,63,4,0,459.72222222222223
0,3,2,0,64,1,0,390.52777777777777
0,3,2,0,64,2,0,1024.0277777777778
0,3,2,0,64,4,0,354.1666666666667
0,3,2,0,65,1,0,413.1666666666667
0,3,2,0,65,2,0,1109.2777777777778
0,3,2,0,65,4,0,389.30555555555554
0,3,2,0,66,1,0,396.30555555555554
0,3,2,0,66,2,0,1117.138888888889
0,3,2,0,66,4,0,382.7361111111111
0,3,2,0,67,1,0,422.0
0,3,2,0,67,2,0,1228.4722222222222
0,3,2,0,67,4,0,420.09722222222223
0,3,2,0,68,1,0,386.25
0,3,2,0,68,2,0,901.3611111111112
0,3,2,0,68,4,0,365.97222222222223
0,3,2,0,69,1,0,419.3333333333333
0,3,2,0,69,2,0,1015.2777777777778
0,3,2,0,69,3,0,107.02777777777776
0,3,2,0,69,4,0,401.8333333333333
0,3,2,0,70,1,0,376.4166666666667
0,3,2,0,70,1,2,415.1388888888889
0,3,2,0,70,1,3,442.75
0,3,2,0,70,2,0,1009.9166666666666
0,3,2,0,70,3,0,99.41666666666669
0,3,2,0,70,3,2,96.27777777777776
0,3,2,0,70,3,3,99.80555555555556
0,3,2,0,70,4,0,345.8611111111111
0,3,2,0,70,4,2,371.875
0,3,2,0,70,4,3,433.1388888888889
0,3,2,0,71,2,0,1123.6944444444443
0,3,2,0,72,2,0,1067.611111111111
0,3,2,0,73,2,0,1249.5277777777778
0,3,2,0,74,2,0,1189.4444444444443
0,3,2,0,75,2,0,1342.25
0,3,2,0,76,2,0,1001.9444444444443
0,3,2,0,77,2,0,1128.8333333333333
0,3,2,0,78,2,0,1107.888888888889
0,3,2,0,79,2,0,1272.6944444444443
0,3,2,0,80,2,0,119.83333333333331
0,3,2,0,80,2,2,316.5833333333333
0,3,2,0,80,2,3,127.83333333333331
0,3,2,1,59,1,0,688.625
0,3,2,1,59,2,0,1721.236111111111
0,3,2,1,59,4,0,588.4916666666667
0,3,2,1,59,6,0,259.52777777777777
0,3,2,1,60,1,0,630.9166666666666
0,3,2,1,60,2,0,1308.6805555555557
0,3,2,1,60,4,0,550.225
0,3,2,1,60,6,0,90.66666666666669
0,3,2,1,60,6,2,91.625
0,3,2,1,60,6,3,241.76388888888889
0,3,2,1,60,6,4,226.08333333333331
0,3,2,1,61,1,0,645.9722222222222
0,3,2,1,61,2,0,1430.5694444444443
0,3,2,1,61,4,0,566.8166666666667
0,3,2,1,62,1,0,657.125
0,3,2,1,62,2,0,1390.6527777777778
0,3,2,1,62,4,0,574.3916666666667
0,3,2,1,63,1,0,667.4861111111111
0,3,2,1,63,2,0,1448.625
0,3,2,1,63,4,0,585.7666666666667
0,3,2,1,64,1,0,575.9861111111111
0,3,2,1,64,2,0,1195.4166666666667
0,3,2,1,64,4,0,494.675
0,3,2,1,65,1,0,611.1388888888889
0,3,2,1,65,2,0,1303.4722222222222
0,3,2,1,65,4,0,515.975
0,3,2,1,66,1,0,608.9722222222222
0,3,2,1,66,2,0,1314.3194444444443
0,3,2,1,66,4,0,510.90833333333336
0,3,2,1,67,1,0,645.7222222222222
0,3,2,1,67,2,0,1459.6666666666667
0,3,2,1,67,4,0,548.0166666666667
0,3,2,1,68,1,0,590.8472222222222
0,3,2,1,68,2,0,1112.236111111111
0,3,2,1,68,4,0,503.98333333333335
0,3,2,1,69,1,0,614.9861111111111
0,3,2,1,69,2,0,1226.513888888889
0,3,2,1,69,3,0,189.88888888888889
0,3,2,1,69,4,0,530.225
0,3,2,1,69,5,0,757.9166666666666
0,3,2,1,70,1,0,554.0416666666666
0,3,2,1,70,1,2,609.0972222222222
0,3,2,1,70,1,3,642.6527777777778
0,3,2,1,70,1,4,640.75
0,3,2,1,70,2,0,1231.486111111111
0,3,2,1,70,3,0,160.40277777777777
0,3,2,1,70,3,2,152.61111111111111
0,3,2,1,70,3,3,176.68055555555554
0,3,2,1,70,3,4,190.08333333333331
0,3,2,1,70,4,0,444.475
0,3,2,1,70,4,2,474.9666666666666
0,3,2,1,70,4,3,571.8333333333334
0,3,2,1,70,4,4,557.3333333333334
0,3,2,1,70,5,0,760.3611111111111
0,3,2,1,71,2,0,1345.888888888889
0,3,2,1,71,5,0,761.2361111111111
0,3,2,1,72,2,0,1291.125
0,3,2,1,72,5,0,757.0972222222222
0,3,2,1,73,2,0,1480.0277777777778
0,3,2,1,73,5,0,729.4305555555555
0,3,2,1,74,2,0,1425.486111111111
0,3,2,1,74,5,0,747.4583333333334
0,3,2,1,75,2,0,1560.8055555555557
0,3,2,1,75,5,0,756.75
0,3,2,1,76,2,0,1181.1944444444443
0,3,2,1,76,5,0,743.7638888888889
0,3,2,1,77,2,0,1324.9583333333333
0,3,2,1,77,5,0,747.3055555555555
0,3,2,1,78,2,0,1316.5416666666667
0,3,2,1,78,5,0,740.7222222222222
0,3,2,1,79,2,0,1484.5555555555557
0,3,2,1,79,5,0,746.1527777777778
0,3,2,1,80,2,0,127.43055555555556
0,3,2,1,80,2,2,387.3888888888889
0,3,2,1,80,2,3,134.61111111111111
0,3,2,1,80,2,4,1394.8472222222222
0,3,2,1,80,5,0,101.33333333333331
0,3,2,1,80,5,2,798.625
0,3,2,1,80,5,3,782.8888888888889
0,3,2,1,80,5,4,101.68055555555556
1,1,2,0,59,2,0,35478.3125
1,1,2,0,59,6,0,1719.2291666666667
1,1,2,0,60,2,0,24690.5
1,1,2,0,60,6,0,1196.5625
1,1,2,0,61,2,0,28678.229166666668
1,1,2,0,61,6,0,1255.9583333333333
1,1,2,0,62,2,0,27198.83333333333
1,1,2,0,62,6,0,1202.75
1,1,2,0,63,2,0,29408.0625
1,1,2,0,63,6,0,1260.4375
1,1,2,0,64,2,0,21949.354166666668
1,1,2,0,64,6,0,1168.3125
1,1,2,0,65,2,0,26256.45833333333
1,1,2,0,65,6,0,1236.5
1,1,2,0,66,2,0,25369.6875
1,1,2,0,66,6,0,1279.8958333333333
1,1,2,0,67,2,0,29925.041666666668
1,1,2,0,67,6,0,1483.7916666666667
1,1,2,0,68,2,0,19271.291666666668
1,1,2,0,68,6,0,1078.7708333333333
1,1,2,0,69,2,0,22848.75
1,1,2,0,69,3,0,465.8541666666667
1,1,2,0,69,6,0,1105.9375
1,1,2,0,70,2,0,21991.9375
1,1,2,0,70,3,0,476.7708333333333
1,1,2,0,70,6,0,1165.1875
1,1,2,0,71,2,0,25994.0
1,1,2,0,71,3,0,444.125
1,1,2,0,71,6,0,1328.125
1,1,2,0,72,2,0,24081.77083333333
1,1,2,0,72,3,0,462.2708333333333
1,1,2,0,72,6,0,1268.4791666666667
1,1,2,0,73,2,0,29144.604166666668
1,1,2,0,73,3,0,431.1875
1,1,2,0,73,6,0,1409.3958333333333
1,1,2,0,74,2,0,27501.9375
1,1,2,0,74,3,0,467.5625
1,1,2,0,74,6,0,1352.9583333333333
1,1,2,0,75,2,0,31956.75
1,1,2,0,75,3,0,442.375
1,1,2,0,75,6,0,1573.5625
1,1,2,0,76,2,0,20463.4375
1,1,2,0,76,3,0,480.7916666666667
1,1,2,0,76,6,0,1128.0208333333333
1,1,2,0,77,2,0,25185.479166666668
1,1,2,0,77,3,0,437.8333333333333
1,1,2,0,77,6,0,1250.6041666666667
1,1,2,0,78,2,0,23841.14583333333
1,1,2,0,78,3,0,478.0833333333333
1,1,2,0,78,6,0,1217.3125
1,1,2,0,79,2,0,28590.20833333333
1,1,2,0,79,3,0,443.0416666666667
1,1,2,0,79,6,0,1407.3333333333333
1,1,2,0,80,2,0,5465.270833333333
1,1,2,0,80,2,1,5927.4375
1,1,2,0,80,2,2,27858.77083333333
1,1,2,0,80,2,3,29312.479166666668
1,1,2,0,80,3,0,92.33333333333331
1,1,2,0,80,3,1,91.35416666666669
1,1,2,0,80,3,2,477.7083333333333
1,1,2,0,80,3,3,470.4166666666667
1,1,2,0,80,6,0,333.0208333333333
1,1,2,0,80,6,1,335.9375
1,1,2,0,80,6,2,1394.5833333333333
1,1,2,0,80,6,3,1434.625
1,1,2,1,59,2,0,40353.88888888889
1,1,2,1,59,6,0,4476.416666666667
1,1,2,1,60,2,0,28170.11111111111
1,1,2,1,60,6,0,3407.333333333333
1,1,2,1,61,2,0,31292.38888888889
1,1,2,1,61,6,0,3331.222222222222
1,1,2,1,62,2,0,30704.222222222223
1,1,2,1,62,6,0,3418.722222222222
1,1,2,1,63,2,0,32320.666666666668
1,1,2,1,63,6,0,3304.4166666666665
1,1,2,1,64,2,0,27020.277777777777
1,1,2,1,64,6,0,3243.833333333333
1,1,2,1,65,2,0,31143.472222222223
1,1,2,1,65,6,0,3505.777777777778
1,1,2,1,66,2,0,30776.722222222223
1,1,2,1,66,6,0,3630.5833333333335
1,1,2,1,67,2,0,35298.805555555555
1,1,2,1,67,6,0,3996.944444444444
1,1,2,1,68,2,0,24020.194444444445
1,1,2,1,68,6,0,3008.1388888888887
1,1,2,1,69,2,0,27255.555555555555
1,1,2,1,69,3,0,1560.3055555555557
1,1,2,1,69,5,0,8812.222222222223
1,1,2,1,69,6,0,3094.972222222222
1,1,2,1,70,2,0,26999.63888888889
1,1,2,1,70,3,0,1557.0555555555557
1,1,2,1,70,5,0,8872.25
1,1,2,1,70,6,0,3136.4166666666665
1,1,2,1,71,2,0,31141.61111111111
1,1,2,1,71,3,0,1522.9444444444443
1,1,2,1,71,5,0,8882.138888888889
1,1,2,1,71,6,0,3598.555555555556
1,1,2,1,72,2,0,29333.25
1,1,2,1,72,3,0,1521.5555555555557
1,1,2,1,72,5,0,8841.111111111111
1,1,2,1,72,6,0,3397.222222222222
1,1,2,1,73,2,0,34668.22222222222
1,1,2,1,73,3,0,1317.8333333333333
1,1,2,1,73,5,0,8684.027777777777
1,1,2,1,73,6,0,3898.3888888888887
1,1,2,1,74,2,0,32808.083333333336
1,1,2,1,74,3,0,1506.9444444444443
1,1,2,1,74,5,0,8988.388888888889
1,1,2,1,74,6,0,3705.805555555556
1,1,2,1,75,2,0,37421.16666666666
1,1,2,1,75,3,0,1392.25
1,1,2,1,75,5,0,8798.722222222223
1,1,2,1,75,6,0,4176.805555555556
1,1,2,1,76,2,0,25194.555555555555
1,1,2,1,76,3,0,1537.0555555555557
1,1,2,1,76,5,0,8792.972222222223
1,1,2,1,76,6,0,3098.5
1,1,2,1,77,2,0,29798.027777777777
1,1,2,1,77,3,0,1323.611111111111
1,1,2,1,77,5,0,8758.444444444445
1,1,2,1,77,6,0,3379.25
1,1,2,1,78,2,0,28727.222222222223
1,1,2,1,78,3,0,1529.7777777777778
1,1,2,1,78,5,0,8900.583333333334
1,1,2,1,78,6,0,3321.6388888888887
1,1,2,1,79,2,0,33975.333333333336
1,1,2,1,79,3,0,1461.9166666666667
1,1,2,1,79,5,0,8895.416666666666
1,1,2,1,79,6,0,3782.8333333333335
1,1,2,1,80,2,0,6619.138888888889
1,1,2,1,80,2,1,6903.833333333333
1,1,2,1,80,2,2,33476.13888888889
1,1,2,1,80,2,3,35103.25
1,1,2,1,80,2,4,31005.86111111111
1,1,2,1,80,3,0,115.94444444444444
1,1,2,1,80,3,1,115.66666666666669
1,1,2,1,80,3,2,1461.9444444444443
1,1,2,1,80,3,3,1380.361111111111
1,1,2,1,80,3,4,1556.5555555555557
1,1,2,1,80,5,0,8744.083333333334
1,1,2,1,80,6,0,843.1944444444445
1,1,2,1,80,6,1,882.8888888888889
1,1,2,1,80,6,2,3754.1388888888887
1,1,2,1,80,6,3,3872.194444444444
1,1,2,1,80,6,4,3535.5
1,1,2,1,81,5,0,8469.611111111111
1,1,2,1,82,5,0,8772.416666666666
1,1,2,1,83,5,0,8603.527777777777
1,1,2,1,84,5,0,8788.916666666666
1,1,2,1,85,5,0,8452.833333333334
1,1,2,1,86,5,0,8802.611111111111
1,1,2,1,87,5,0,8622.666666666666
1,1,2,1,88,5,0,8761.166666666666
1,1,2,1,89,5,0,8645.388888888889
1,1,2,1,90,5,0,81.88888888888889
1,1,2,1,90,5,1,1433.0277777777778
1,1,2,1,90,5,2,10424.472222222224
1,1,2,1,90,5,3,9327.916666666666
1,1,2,1,90,5,4,84.72222222222223
1,2,2,0,59,1,0,15105.916666666666
1,2,2,0,59,2,0,35231.433333333334
1,2,2,0,59,4,0,951.8333333333334
1,2,2,0,59,6,0,1703.1
1,2,2,0,60,1,0,10599.277777777776
1,2,2,0,60,2,0,24628.88333333333
1,2,2,0,60,4,0,882.3333333333334
1,2,2,0,60,6,0,1168.7166666666667
1,2,2,0,61,1,0,12062.361111111111
1,2,2,0,61,2,0,28386.733333333334
1,2,2,0,61,4,0,927.1944444444443
1,2,2,0,61,6,0,1241.9
1,2,2,0,62,1,0,11614.972222222224
1,2,2,0,62,2,0,27104.533333333333
1,2,2,0,62,4,0,921.4722222222222
1,2,2,0,62,6,0,1217.8833333333334
1,2,2,0,63,1,0,12824.388888888889
1,2,2,0,63,2,0,29260.85
1,2,2,0,63,4,0,952.1388888888888
1,2,2,0,63,6,0,1215.6
1,2,2,0,64,1,0,9324.944444444443
1,2,2,0,64,2,0,21867.43333333333
1,2,2,0,64,4,0,737.0555555555555
1,2,2,0,64,6,0,1151.7
1,2,2,0,65,1,0,11079.166666666666
1,2,2,0,65,2,0,26133.13333333333
1,2,2,0,65,4,0,795.4166666666666
1,2,2,0,65,6,0,1243.2166666666667
1,2,2,0,66,1,0,10866.777777777776
1,2,2,0,66,2,0,25322.6
1,2,2,0,66,4,0,790.6944444444445
1,2,2,0,66,6,0,1267.6333333333334
1,2,2,0,67,1,0,12906.527777777776
1,2,2,0,67,2,0,29747.25
1,2,2,0,67,4,0,834.6111111111111
1,2,2,0,67,6,0,1472.2666666666669
1,2,2,0,68,1,0,8803.194444444445
1,2,2,0,68,2,0,19010.85
1,2,2,0,68,4,0,738.8888888888889
1,2,2,0,68,6,0,1065.3833333333334
1,2,2,0,69,1,0,10437.833333333334
1,2,2,0,69,2,0,22603.08333333333
1,2,2,0,69,3,0,455.28333333333336
1,2,2,0,69,4,0,824.2222222222222
1,2,2,0,69,6,0,1102.4666666666667
1,2,2,0,70,1,0,10025.777777777776
1,2,2,0,70,2,0,21829.18333333333
1,2,2,0,70,3,0,473.51666666666665
1,2,2,0,70,4,0,403.94444444444446
1,2,2,0,70,4,1,908.25
1,2,2,0,70,4,2,462.44444444444446
1,2,2,0,70,4,3,937.6666666666666
1,2,2,0,70,6,0,1166.95
1,2,2,0,71,1,0,11753.944444444443
1,2,2,0,71,2,0,25648.316666666666
1,2,2,0,71,3,0,434.8333333333333
1,2,2,0,71,6,0,1305.0
1,2,2,0,72,1,0,10487.5
1,2,2,0,72,2,0,23891.516666666663
1,2,2,0,72,3,0,456.6833333333333
1,2,2,0,72,6,0,1227.0666666666666
1,2,2,0,73,1,0,12919.166666666666
1,2,2,0,73,2,0,28885.4
1,2,2,0,73,3,0,414.85
1,2,2,0,73,6,0,1391.7
1,2,2,0,74,1,0,12246.888888888889
1,2,2,0,74,2,0,27252.783333333333
1,2,2,0,74,3,0,455.9
1,2,2,0,74,6,0,1324.8833333333334
1,2,2,0,75,1,0,14634.222222222224
1,2,2,0,75,2,0,31755.55
1,2,2,0,75,3,0,427.35
1,2,2,0,75,6,0,1568.15
1,2,2,0,76,1,0,9649.305555555557
1,2,2,0,76,2,0,20316.65
1,2,2,0,76,3,0,460.05
1,2,2,0,76,6,0,1124.8
1,2,2,0,77,1,0,11680.277777777776
1,2,2,0,77,2,0,24790.216666666667
1,2,2,0,77,3,0,422.28333333333336
1,2,2,0,77,6,0,1224.9
1,2,2,0,78,1,0,11226.25
1,2,2,0,78,2,0,23479.0
1,2,2,0,78,3,0,471.98333333333335
1,2,2,0,78,6,0,1191.5833333333333
1,2,2,0,79,1,0,13372.083333333334
1,2,2,0,79,2,0,28241.266666666663
1,2,2,0,79,3,0,434.45
1,2,2,0,79,6,0,1377.25
1,2,2,0,80,1,0,10009.222222222224
1,2,2,0,80,2,0,5507.5
1,2,2,0,80,2,1,5922.533333333334
1,2,2,0,80,2,2,27633.43333333333
1,2,2,0,80,2,3,29100.45
1,2,2,0,80,3,0,91.1
1,2,2,0,80,3,1,86.88333333333334
1,2,2,0,80,3,2,472.35
1,2,2,0,80,3,3,465.8333333333333
1,2,2,0,80,6,0,324.35
1,2,2,0,80,6,1,334.1
1,2,2,0,80,6,2,1372.45
1,2,2,0,80,6,3,1422.1333333333334
1,2,2,0,81,1,0,12243.333333333334
1,2,2,0,82,1,0,12013.694444444443
1,2,2,0,83,1,0,13958.722222222224
1,2,2,0,84,1,0,9265.694444444443
1,2,2,0,85,1,0,11109.944444444443
1,2,2,0,86,1,0,10743.111111111111
1,2,2,0,87,1,0,12694.277777777776
1,2,2,0,88,1,0,10967.305555555557
1,2,2,0,89,1,0,12809.388888888889
1,2,2,0,90,1,0,229.94444444444449
1,2,2,0,90,1,1,5484.194444444444
1,2,2,0,90,1,2,248.02777777777777
1,2,2,0,90,1,3,14678.444444444443
1,2,2,1,59,1,0,21354.875
1,2,2,1,59,2,0,40048.25
1,2,2,1,59,4,0,1250.375
1,2,2,1,59,6,0,4488.309523809524
1,2,2,1,60,1,0,16957.666666666668
1,2,2,1,60,2,0,28181.654761904763
1,2,2,1,60,4,0,1205.1458333333333
1,2,2,1,60,6,0,3310.369047619048
1,2,2,1,61,1,0,17870.708333333332
1,2,2,1,61,2,0,31158.75
1,2,2,1,61,4,0,1200.2083333333333
1,2,2,1,61,6,0,3308.2380952380954
1,2,2,1,62,1,0,17725.583333333332
1,2,2,1,62,2,0,30506.29761904762
1,2,2,1,62,4,0,1215.7916666666667
1,2,2,1,62,6,0,3405.119047619048
1,2,2,1,63,1,0,18380.0
1,2,2,1,63,2,0,31941.02380952381
1,2,2,1,63,4,0,1202.3958333333333
1,2,2,1,63,6,0,3289.119047619048
1,2,2,1,64,1,0,15591.791666666666
1,2,2,1,64,2,0,26735.916666666668
1,2,2,1,64,4,0,1045.0625
1,2,2,1,64,6,0,3233.369047619048
1,2,2,1,65,1,0,17312.208333333332
1,2,2,1,65,2,0,30919.059523809523
1,2,2,1,65,4,0,1122.1041666666667
1,2,2,1,65,6,0,3484.25
1,2,2,1,66,1,0,17394.375
1,2,2,1,66,2,0,30479.69047619048
1,2,2,1,66,4,0,1085.7916666666667
1,2,2,1,66,6,0,3533.3809523809523
1,2,2,1,67,1,0,19236.75
1,2,2,1,67,2,0,35290.02380952381
1,2,2,1,67,4,0,1169.5833333333333
1,2,2,1,67,6,0,4002.7619047619046
1,2,2,1,68,1,0,14948.958333333334
1,2,2,1,68,2,0,23673.714285714286
1,2,2,1,68,4,0,1063.4583333333333
1,2,2,1,68,6,0,2943.964285714286
1,2,2,1,69,1,0,16339.395833333334
1,2,2,1,69,2,0,27162.22619047619
1,2,2,1,69,3,0,1518.9642857142858
1,2,2,1,69,4,0,1115.2916666666667
1,2,2,1,69,5,0,8747.297619047618
1,2,2,1,69,6,0,3066.7023809523807
1,2,2,1,70,1,0,16229.916666666666
1,2,2,1,70,2,0,26857.666666666668
1,2,2,1,70,3,0,1506.702380952381
1,2,2,1,70,4,0,509.75
1,2,2,1,70,4,1,1185.9583333333333
1,2,2,1,70,4,2,552.7916666666666
1,2,2,1,70,4,3,1233.2291666666667
1,2,2,1,70,4,4,1187.6875
1,2,2,1,70,5,0,8981.309523809523
1,2,2,1,70,6,0,3139.214285714286
1,2,2,1,71,1,0,17921.520833333332
1,2,2,1,71,2,0,31048.654761904763
1,2,2,1,71,3,0,1460.7380952380952
1,2,2,1,71,5,0,8829.785714285714
1,2,2,1,71,6,0,3572.0119047619046
1,2,2,1,72,1,0,17133.4375
1,2,2,1,72,2,0,28989.60714285714
1,2,2,1,72,3,0,1480.2738095238096
1,2,2,1,72,5,0,8858.630952380952
1,2,2,1,72,6,0,3444.3928571428573
1,2,2,1,73,1,0,19513.375
1,2,2,1,73,2,0,34327.72619047619
1,2,2,1,73,3,0,1297.5119047619048
1,2,2,1,73,5,0,8621.404761904761
1,2,2,1,73,6,0,3830.369047619048
1,2,2,1,74,1,0,19059.166666666668
1,2,2,1,74,2,0,32804.53571428572
1,2,2,1,74,3,0,1477.059523809524
1,2,2,1,74,5,0,8958.75
1,2,2,1,74,6,0,3734.5833333333335
1,2,2,1,75,1,0,21215.104166666668
1,2,2,1,75,2,0,37388.52380952381
1,2,2,1,75,3,0,1361.7261904761904
1,2,2,1,75,5,0,8815.285714285714
1,2,2,1,75,6,0,4192.309523809524
1,2,2,1,76,1,0,15996.916666666666
1,2,2,1,76,2,0,25032.92857142857
1,2,2,1,76,3,0,1499.809523809524
1,2,2,1,76,5,0,8864.92857142857
1,2,2,1,76,6,0,3090.2261904761904
1,2,2,1,77,1,0,17889.270833333332
1,2,2,1,77,2,0,29347.09523809524
1,2,2,1,77,3,0,1305.9761904761904
1,2,2,1,77,5,0,8737.761904761905
1,2,2,1,77,6,0,3362.1309523809523
1,2,2,1,78,1,0,17562.354166666668
1,2,2,1,78,2,0,28582.166666666668
1,2,2,1,78,3,0,1496.654761904762
1,2,2,1,78,5,0,8956.547619047618
1,2,2,1,78,6,0,3317.333333333333
1,2,2,1,79,1,0,19533.479166666668
1,2,2,1,79,2,0,33535.94047619047
1,2,2,1,79,3,0,1428.654761904762
1,2,2,1,79,5,0,8872.52380952381
1,2,2,1,79,6,0,3786.9166666666665
1,2,2,1,80,1,0,16578.666666666668
1,2,2,1,80,2,0,6498.678571428572
1,2,2,1,80,2,1,6873.357142857143
1,2,2,1,80,2,2,33036.51190476191
1,2,2,1,80,2,3,34739.78571428572
1,2,2,1,80,2,4,30918.011904761905
1,2,2,1,80,3,0,115.52380952380952
1,2,2,1,80,3,1,113.11904761904762
1,2,2,1,80,3,2,1410.690476190476
1,2,2,1,80,3,3,1344.845238095238
1,2,2,1,80,3,4,1517.904761904762
1,2,2,1,80,5,0,8803.607142857143
1,2,2,1,80,6,0,820.8214285714286
1,2,2,1,80,6,1,869.3690476190476
1,2,2,1,80,6,2,3766.571428571429
1,2,2,1,80,6,3,3902.880952380952
1,2,2,1,80,6,4,3522.535714285714
1,2,2,1,81,1,0,18419.5625
1,2,2,1,81,5,0,8581.642857142857
1,2,2,1,82,1,0,18776.541666666668
1,2,2,1,82,5,0,8835.535714285714
1,2,2,1,83,1,0,20564.229166666668
1,2,2,1,83,5,0,8636.142857142857
1,2,2,1,84,1,0,15453.645833333334
1,2,2,1,84,5,0,8829.809523809523
1,2,2,1,85,1,0,16927.208333333332
1,2,2,1,85,5,0,8580.047619047618
1,2,2,1,86,1,0,17082.958333333332
1,2,2,1,86,5,0,8876.035714285714
1,2,2,1,87,1,0,19013.916666666668
1,2,2,1,87,5,0,8657.702380952382
1,2,2,1,88,1,0,17723.729166666668
1,2,2,1,88,5,0,8813.011904761905
1,2,2,1,89,1,0,19083.83333333333
1,2,2,1,89,5,0,8585.392857142857
1,2,2,1,90,1,0,309.6666666666667
1,2,2,1,90,1,1,8595.3125
1,2,2,1,90,1,2,320.9791666666667
1,2,2,1,90,1,3,22622.479166666668
1,2,2,1,90,1,4,20320.8125
1,2,2,1,90,5,0,85.05952380952381
1,2,2,1,90,5,1,1434.702380952381
1,2,2,1,90,5,2,10322.02380952381
1,2,2,1,90,5,3,9352.27380952381
1,2,2,1,90,5,4,84.33333333333333
1,3,2,0,59,1,0,15616.472222222224
1,3,2,0,59,2,0,35540.36111111111
1,3,2,0,59,4,0,955.5833333333334
1,3,2,0,59,6,0,1669.5277777777778
1,3,2,0,60,1,0,11175.388888888889
1,3,2,0,60,2,0,24691.58333333333
1,3,2,0,60,4,0,865.4166666666666
1,3,2,0,60,6,0,1151.4444444444443
1,3,2,0,61,1,0,12617.861111111111
1,3,2,0,61,2,0,28355.416666666668
1,3,2,0,61,4,0,942.8333333333334
1,3,2,0,61,6,0,1202.3055555555557
1,3,2,0,62,1,0,12199.222222222224
1,3,2,0,62,2,0,27208.777777777777
1,3,2,0,62,4,0,895.3541666666666
1,3,2,0,62,6,0,1187.0
1,3,2,0,63,1,0,13551.111111111111
1,3,2,0,63,2,0,29315.25
1,3,2,0,63,4,0,937.2083333333334
1,3,2,0,63,6,0,1189.9722222222222
1,3,2,0,64,1,0,9836.805555555557
1,3,2,0,64,2,0,22089.0
1,3,2,0,64,4,0,732.2708333333334
1,3,2,0,64,6,0,1128.8333333333333
1,3,2,0,65,1,0,11583.444444444443
1,3,2,0,65,2,0,26265.805555555555
1,3,2,0,65,4,0,782.1458333333334
1,3,2,0,65,6,0,1176.361111111111
1,3,2,0,66,1,0,11422.277777777776
1,3,2,0,66,2,0,25321.305555555555
1,3,2,0,66,4,0,783.1875
1,3,2,0,66,6,0,1220.3055555555557
1,3,2,0,67,1,0,13531.25
1,3,2,0,67,2,0,29873.527777777777
1,3,2,0,67,4,0,833.9583333333334
1,3,2,0,67,6,0,1416.888888888889
1,3,2,0,68,1,0,9286.666666666666
1,3,2,0,68,2,0,19076.694444444445
1,3,2,0,68,4,0,728.1875
1,3,2,0,68,6,0,1046.1944444444443
1,3,2,0,69,1,0,11055.888888888889
1,3,2,0,69,2,0,22697.61111111111
1,3,2,0,69,3,0,443.25
1,3,2,0,69,4,0,802.3333333333334
1,3,2,0,69,6,0,1052.611111111111
1,3,2,0,70,1,0,10450.527777777776
1,3,2,0,70,2,0,21929.416666666668
1,3,2,0,70,3,0,465.97222222222223
1,3,2,0,70,4,0,395.9166666666667
1,3,2,0,70,4,1,880.0208333333334
1,3,2,0,70,4,2,441.625
1,3,2,0,70,4,3,878.125
1,3,2,0,70,6,0,1110.5833333333333
1,3,2,0,71,1,0,12458.0
1,3,2,0,71,2,0,25939.36111111111
1,3,2,0,71,3,0,428.27777777777777
1,3,2,0,71,6,0,1260.638888888889
1,3,2,0,72,1,0,11022.75
1,3,2,0,72,2,0,24071.83333333333
1,3,2,0,72,3,0,469.25
1,3,2,0,72,6,0,1221.0555555555557
1,3,2,0,73,1,0,13506.583333333334
1,3,2,0,73,2,0,28894.08333333333
1,3,2,0,73,3,0,426.3888888888889
1,3,2,0,73,6,0,1336.75
1,3,2,0,74,1,0,12918.138888888889
1,3,2,0,74,2,0,27155.75
1,3,2,0,74,3,0,459.4166666666667
1,3,2,0,74,6,0,1288.138888888889
1,3,2,0,75,1,0,15422.694444444443
1,3,2,0,75,2,0,31665.027777777777
1,3,2,0,75,3,0,430.6388888888889
1,3,2,0,75,6,0,1523.638888888889
1,3,2,0,76,1,0,10253.805555555557
1,3,2,0,76,2,0,20351.916666666668
1,3,2,0,76,3,0,453.6666666666667
1,3,2,0,76,6,0,1087.5833333333333
1,3,2,0,77,1,0,12401.027777777776
1,3,2,0,77,2,0,24788.555555555555
1,3,2,0,77,3,0,430.8333333333333
1,3,2,0,77,6,0,1179.3333333333333
1,3,2,0,78,1,0,11979.583333333334
1,3,2,0,78,2,0,23830.25
1,3,2,0,78,3,0,472.0
1,3,2,0,78,6,0,1148.388888888889
1,3,2,0,79,1,0,14080.805555555557
1,3,2,0,79,2,0,28434.25
1,3,2,0,79,3,0,429.1111111111111
1,3,2,0,79,6,0,1353.361111111111
1,3,2,0,80,1,0,10660.166666666666
1,3,2,0,80,2,0,5495.166666666667
1,3,2,0,80,2,1,5947.333333333333
1,3,2,0,80,2,2,27606.88888888889
1,3,2,0,80,2,3,29080.36111111111
1,3,2,0,80,3,0,95.83333333333331
1,3,2,0,80,3,1,88.30555555555556
1,3,2,0,80,3,2,477.0
1,3,2,0,80,3,3,458.52777777777777
1,3,2,0,80,6,0,318.22222222222223
1,3,2,0,80,6,1,330.0833333333333
1,3,2,0,80,6,2,1344.4444444444443
1,3,2,0,80,6,3,1410.4166666666667
1,3,2,0,81,1,0,13030.055555555557
1,3,2,0,82,1,0,12591.722222222224
1,3,2,0,83,1,0,14871.666666666666
1,3,2,0,84,1,0,9822.138888888889
1,3,2,0,85,1,0,11790.111111111111
1,3,2,0,86,1,0,11445.416666666666
1,3,2,0,87,1,0,13361.444444444443
1,3,2,0,88,1,0,11642.361111111111
1,3,2,0,89,1,0,13410.5
1,3,2,0,90,1,0,249.41666666666663
1,3,2,0,90,1,1,5746.388888888889
1,3,2,0,90,1,2,262.4166666666667
1,3,2,0,90,1,3,15422.555555555557
1,3,2,1,59,1,0,22241.48958333333
1,3,2,1,59,2,0,43504.25
1,3,2,1,59,4,0,1271.925
1,3,2,1,59,6,0,3848.6354166666665
1,3,2,1,60,1,0,17555.989583333332
1,3,2,1,60,2,0,30808.260416666668
1,3,2,1,60,4,0,1229.1333333333334
1,3,2,1,60,6,0,2850.375
1,3,2,1,61,1,0,18410.92708333333
1,3,2,1,61,2,0,34018.71875
1,3,2,1,61,4,0,1251.65
1,3,2,1,61,6,0,2844.2604166666665
1,3,2,1,62,1,0,18422.45833333333
1,3,2,1,62,2,0,33321.9375
1,3,2,1,62,4,0,1250.8833333333334
1,3,2,1,62,6,0,2946.09375
1,3,2,1,63,1,0,19091.48958333333
1,3,2,1,63,2,0,34839.083333333336
1,3,2,1,63,4,0,1261.8083333333334
1,3,2,1,63,6,0,2846.802083333333
1,3,2,1,64,1,0,15925.645833333334
1,3,2,1,64,2,0,29289.05208333333
1,3,2,1,64,4,0,1092.0083333333334
1,3,2,1,64,6,0,2796.114583333333
1,3,2,1,65,1,0,17885.104166666668
1,3,2,1,65,2,0,33805.53125
1,3,2,1,65,4,0,1133.7166666666667
1,3,2,1,65,6,0,2996.3854166666665
1,3,2,1,66,1,0,17973.489583333332
1,3,2,1,66,2,0,33244.0625
1,3,2,1,66,4,0,1127.1833333333334
1,3,2,1,66,6,0,3051.927083333333
1,3,2,1,67,1,0,19897.854166666668
1,3,2,1,67,2,0,38404.65625
1,3,2,1,67,4,0,1185.3666666666666
1,3,2,1,67,6,0,3455.427083333333
1,3,2,1,68,1,0,15442.385416666666
1,3,2,1,68,2,0,25661.40625
1,3,2,1,68,4,0,1088.0083333333334
1,3,2,1,68,6,0,2576.0416666666665
1,3,2,1,69,1,0,16789.885416666668
1,3,2,1,69,2,0,29482.25
1,3,2,1,69,3,0,1637.90625
1,3,2,1,69,4,0,1140.5666666666666
1,3,2,1,69,5,0,8347.3125
1,3,2,1,69,6,0,2660.5729166666665
1,3,2,1,70,1,0,16715.854166666668
1,3,2,1,70,2,0,28977.28125
1,3,2,1,70,3,0,1639.6666666666667
1,3,2,1,70,4,0,522.1333333333333
1,3,2,1,70,4,1,1214.0916666666667
1,3,2,1,70,4,2,569.0583333333333
1,3,2,1,70,4,3,1231.8416666666667
1,3,2,1,70,4,4,1222.7416666666666
1,3,2,1,70,5,0,8528.96875
1,3,2,1,70,6,0,2689.3125
1,3,2,1,71,1,0,18425.86458333333
1,3,2,1,71,2,0,33755.635416666664
1,3,2,1,71,3,0,1593.34375
1,3,2,1,71,5,0,8466.041666666666
1,3,2,1,71,6,0,3058.8125
1,3,2,1,72,1,0,17625.03125
1,3,2,1,72,2,0,31622.760416666668
1,3,2,1,72,3,0,1576.1458333333333
1,3,2,1,72,5,0,8473.489583333334
1,3,2,1,72,6,0,2930.708333333333
1,3,2,1,73,1,0,20074.77083333333
1,3,2,1,73,2,0,37136.01041666666
1,3,2,1,73,3,0,1386.875
1,3,2,1,73,5,0,8337.5625
1,3,2,1,73,6,0,3309.4791666666665
1,3,2,1,74,1,0,19798.0
1,3,2,1,74,2,0,35315.354166666664
1,3,2,1,74,3,0,1593.3333333333333
1,3,2,1,74,5,0,8546.197916666666
1,3,2,1,74,6,0,3221.3541666666665
1,3,2,1,75,1,0,21968.916666666668
1,3,2,1,75,2,0,40599.90625
1,3,2,1,75,3,0,1457.7291666666667
1,3,2,1,75,5,0,8369.583333333334
1,3,2,1,75,6,0,3624.7291666666665
1,3,2,1,76,1,0,16303.520833333334
1,3,2,1,76,2,0,27220.166666666668
1,3,2,1,76,3,0,1642.2291666666667
1,3,2,1,76,5,0,8486.65625
1,3,2,1,76,6,0,2641.864583333333
1,3,2,1,77,1,0,18302.125
1,3,2,1,77,2,0,32210.0625
1,3,2,1,77,3,0,1381.3333333333333
1,3,2,1,77,5,0,8339.510416666666
1,3,2,1,77,6,0,2900.583333333333
1,3,2,1,78,1,0,18168.90625
1,3,2,1,78,2,0,31247.83333333333
1,3,2,1,78,3,0,1617.1979166666667
1,3,2,1,78,5,0,8533.53125
1,3,2,1,78,6,0,2862.46875
1,3,2,1,79,1,0,20222.64583333333
1,3,2,1,79,2,0,36771.88541666666
1,3,2,1,79,3,0,1547.4791666666667
1,3,2,1,79,5,0,8481.3125
1,3,2,1,79,6,0,3270.6666666666665
1,3,2,1,80,1,0,17158.770833333332
1,3,2,1,80,2,0,7088.239583333333
1,3,2,1,80,2,1,7486.739583333333
1,3,2,1,80,2,2,35904.197916666664
1,3,2,1,80,2,3,37800.47916666666
1,3,2,1,80,2,4,33720.28125
1,3,2,1,80,3,0,118.29166666666669
1,3,2,1,80,3,1,117.39583333333331
1,3,2,1,80,3,2,1543.1875
1,3,2,1,80,3,3,1483.9166666666667
1,3,2,1,80,3,4,1648.6666666666667
1,3,2,1,80,5,0,8388.552083333334
1,3,2,1,80,6,0,710.6354166666666
1,3,2,1,80,6,1,746.4895833333334
1,3,2,1,80,6,2,3254.0
1,3,2,1,80,6,3,3327.46875
1,3,2,1,80,6,4,3026.7916666666665
1,3,2,1,81,1,0,19181.89583333333
1,3,2,1,81,5,0,8155.479166666667
1,3,2,1,82,1,0,19397.166666666668
1,3,2,1,82,5,0,8396.270833333334
1,3,2,1,83,1,0,21139.03125
1,3,2,1,83,5,0,8272.552083333334
1,3,2,1,84,1,0,16014.875
1,3,2,1,84,5,0,8400.104166666666
1,3,2,1,85,1,0,17491.75
1,3,2,1,85,5,0,8175.760416666667
1,3,2,1,86,1,0,17693.197916666668
1,3,2,1,86,5,0,8440.375
1,3,2,1,87,1,0,19670.23958333333
1,3,2,1,87,5,0,8238.229166666666
1,3,2,1,88,1,0,18298.104166666668
1,3,2,1,88,5,0,8391.197916666666
1,3,2,1,89,1,0,19702.947916666668
1,3,2,1,89,5,0,8222.3125
1,3,2,1,90,1,0,317.875
1,3,2,1,90,1,1,8812.604166666666
1,3,2,1,90,1,2,328.5208333333333
1,3,2,1,90,1,3,23376.260416666668
1,3,2,1,90,1,4,20750.822916666668
1,3,2,1,90,5,0,87.32291666666667
1,3,2,1,90,5,1,1393.2916666666667
1,3,2,1,90,5,2,9928.385416666666
1,3,2,1,90,5,3,8954.65625
1,3,2,1,90,5,4,84.39583333333333
2,1,2,0,59,2,0,35755.0
2,1,2,0,59,6,0,1673.5
2,1,2,0,60,2,0,24781.75
2,1,2,0,60,6,0,1158.8333333333333
2,1,2,0,61,2,0,28482.166666666668
2,1,2,0,61,6,0,1181.75
2,1,2,0,62,2,0,26956.83333333333
2,1,2,0,62,6,0,1173.3333333333333
2,1,2,0,63,2,0,29323.0
2,1,2,0,63,6,0,1227.1666666666667
2,1,2,0,64,2,0,22294.83333333333
2,1,2,0,64,6,0,1133.5833333333333
2,1,2,0,65,2,0,26628.666666666668
2,1,2,0,65,6,0,1208.8333333333333
2,1,2,0,66,2,0,25153.0
2,1,2,0,66,6,0,1270.4166666666667
2,1,2,0,67,2,0,29889.916666666668
2,1,2,0,67,6,0,1438.1666666666667
2,1,2,0,68,2,0,19152.25
2,1,2,0,68,6,0,1062.75
2,1,2,0,69,2,0,22427.666666666668
2,1,2,0,69,3,0,486.9166666666667
2,1,2,0,69,6,0,1097.1666666666667
2,1,2,0,70,2,0,21676.83333333333
2,1,2,0,70,3,0,460.5833333333333
2,1,2,0,70,6,0,1090.5
2,1,2,0,71,2,0,25634.416666666668
2,1,2,0,71,3,0,420.0833333333333
2,1,2,0,71,6,0,1257.6666666666667
2,1,2,0,72,2,0,23956.5
2,1,2,0,72,3,0,459.9166666666667
2,1,2,0,72,6,0,1200.25
2,1,2,0,73,2,0,29160.33333333333
2,1,2,0,73,3,0,411.0833333333333
2,1,2,0,73,6,0,1366.75
2,1,2,0,74,2,0,27455.916666666668
2,1,2,0,74,3,0,436.4166666666667
2,1,2,0,74,6,0,1341.25
2,1,2,0,75,2,0,32026.666666666668
2,1,2,0,75,3,0,414.4166666666667
2,1,2,0,75,6,0,1554.4166666666667
2,1,2,0,76,2,0,20526.75
2,1,2,0,76,3,0,430.25
2,1,2,0,76,6,0,1098.25
2,1,2,0,77,2,0,25060.83333333333
2,1,2,0,77,3,0,407.1666666666667
2,1,2,0,77,6,0,1192.9166666666667
2,1,2,0,78,2,0,23851.33333333333
2,1,2,0,78,3,0,448.0833333333333
2,1,2,0,78,6,0,1167.1666666666667
2,1,2,0,79,2,0,28519.58333333333
2,1,2,0,79,3,0,413.0
2,1,2,0,79,6,0,1378.5833333333333
2,1,2,0,80,2,0,5475.0
2,1,2,0,80,2,1,5869.5
2,1,2,0,80,2,2,27715.25
2,1,2,0,80,2,3,29122.75
2,1,2,0,80,3,0,91.25
2,1,2,0,80,3,1,82.41666666666667
2,1,2,0,80,3,2,447.9166666666667
2,1,2,0,80,3,3,451.4166666666667
2,1,2,0,80,6,0,325.75
2,1,2,0,80,6,1,331.5
2,1,2,0,80,6,2,1340.8333333333333
2,1,2,0,80,6,3,1409.4166666666667
2,1,2,1,59,2,0,42828.41666666666
2,1,2,1,59,6,0,4314.666666666667
2,1,2,1,60,2,0,30182.08333333333
2,1,2,1,60,6,0,3177.833333333333
2,1,2,1,61,2,0,33404.083333333336
2,1,2,1,61,6,0,3254.833333333333
2,1,2,1,62,2,0,32211.58333333333
2,1,2,1,62,6,0,3325.75
2,1,2,1,63,2,0,33379.666666666664
2,1,2,1,63,6,0,3197.833333333333
2,1,2,1,64,2,0,28715.416666666668
2,1,2,1,64,6,0,3165.6666666666665
2,1,2,1,65,2,0,32717.75
2,1,2,1,65,6,0,3429.583333333333
2,1,2,1,66,2,0,32885.333333333336
2,1,2,1,66,6,0,3583.083333333333
2,1,2,1,67,2,0,37601.083333333336
2,1,2,1,67,6,0,3890.75
2,1,2,1,68,2,0,25074.0
2,1,2,1,68,6,0,2857.833333333333
2,1,2,1,69,2,0,28568.416666666668
2,1,2,1,69,3,0,1621.9166666666667
2,1,2,1,69,5,0,8394.083333333334
2,1,2,1,69,6,0,2958.25
2,1,2,1,70,2,0,28439.83333333333
2,1,2,1,70,3,0,1565.9166666666667
2,1,2,1,70,5,0,8681.333333333334
2,1,2,1,70,6,0,3067.083333333333
2,1,2,1,71,2,0,33140.583333333336
2,1,2,1,71,3,0,1531.0833333333333
2,1,2,1,71,5,0,8412.416666666666
2,1,2,1,71,6,0,3482.0
2,1,2,1,72,2,0,30985.58333333333
2,1,2,1,72,3,0,1497.9166666666667
2,1,2,1,72,5,0,8523.083333333334
2,1,2,1,72,6,0,3339.583333333333
2,1,2,1,73,2,0,35913.583333333336
2,1,2,1,73,3,0,1333.9166666666667
2,1,2,1,73,5,0,8370.75
2,1,2,1,73,6,0,3627.1666666666665
2,1,2,1,74,2,0,34507.416666666664
2,1,2,1,74,3,0,1544.6666666666667
2,1,2,1,74,5,0,8782.083333333334
2,1,2,1,74,6,0,3690.3333333333335
2,1,2,1,75,2,0,39183.25
2,1,2,1,75,3,0,1412.1666666666667
2,1,2,1,75,5,0,8354.75
2,1,2,1,75,6,0,4084.5833333333335
2,1,2,1,76,2,0,26510.58333333333
2,1,2,1,76,3,0,1571.5
2,1,2,1,76,5,0,8483.75
2,1,2,1,76,6,0,2987.5
2,1,2,1,77,2,0,31579.166666666668
2,1,2,1,77,3,0,1305.5
2,1,2,1,77,5,0,8498.583333333334
2,1,2,1,77,6,0,3395.5
2,1,2,1,78,2,0,30459.666666666668
2,1,2,1,78,3,0,1524.8333333333333
2,1,2,1,78,5,0,8561.083333333334
2,1,2,1,78,6,0,3289.0
2,1,2,1,79,2,0,36146.66666666666
2,1,2,1,79,3,0,1464.5
2,1,2,1,79,5,0,8499.166666666666
2,1,2,1,79,6,0,3667.6666666666665
2,1,2,1,80,2,0,7014.583333333333
2,1,2,1,80,2,1,7174.25
2,1,2,1,80,2,2,34963.333333333336
2,1,2,1,80,2,3,36701.41666666666
2,1,2,1,80,2,4,33539.25
2,1,2,1,80,3,0,113.0
2,1,2,1,80,3,1,117.58333333333331
2,1,2,1,80,3,2,1460.6666666666667
2,1,2,1,80,3,3,1456.1666666666667
2,1,2,1,80,3,4,1558.9166666666667
2,1,2,1,80,5,0,8380.25
2,1,2,1,80,6,0,788.5
2,1,2,1,80,6,1,812.5833333333334
2,1,2,1,80,6,2,3810.0833333333335
2,1,2,1,80,6,3,3711.5833333333335
2,1,2,1,80,6,4,3471.083333333333
2,1,2,1,81,5,0,8214.25
2,1,2,1,82,5,0,8497.666666666666
2,1,2,1,83,5,0,8228.916666666666
2,1,2,1,84,5,0,8498.666666666666
2,1,2,1,85,5,0,8122.416666666667
2,1,2,1,86,5,0,8572.583333333334
2,1,2,1,87,5,0,8308.0
2,1,2,1,88,5,0,8415.583333333334
2,1,2,1,89,5,0,8359.083333333334
2,1,2,1,90,5,0,80.0
2,1,2,1,90,5,1,1391.75
2,1,2,1,90,5,2,10032.333333333334
2,1,2,1,90,5,3,9084.666666666666
2,1,2,1,90,5,4,79.58333333333333
2,2,2,0,59,1,0,14748.166666666666
2,2,2,0,59,2,0,33163.833333333336
2,2,2,0,59,4,0,922.0
2,2,2,0,59,6,0,1540.2916666666667
2,2,2,0,60,1,0,10433.75
2,2,2,0,60,2,0,23042.416666666668
2,2,2,0,60,4,0,811.0833333333334
2,2,2,0,60,6,0,1051.9166666666667
2,2,2,0,61,1,0,11982.0
2,2,2,0,61,2,0,26609.291666666668
2,2,2,0,61,4,0,875.6666666666666
2,2,2,0,61,6,0,1100.0833333333333
2,2,2,0,62,1,0,11697.75
2,2,2,0,62,2,0,25565.75
2,2,2,0,62,4,0,836.9166666666666
2,2,2,0,62,6,0,1090.5416666666667
2,2,2,0,63,1,0,12834.083333333334
2,2,2,0,63,2,0,27743.0
2,2,2,0,63,4,0,888.9166666666666
2,2,2,0,63,6,0,1104.9583333333333
2,2,2,0,64,1,0,9322.083333333334
2,2,2,0,64,2,0,20705.666666666668
2,2,2,0,64,4,0,666.0
2,2,2,0,64,6,0,1060.75
2,2,2,0,65,1,0,11026.916666666666
2,2,2,0,65,2,0,24777.45833333333
2,2,2,0,65,4,0,757.4166666666666
2,2,2,0,65,6,0,1110.375
2,2,2,0,66,1,0,10886.5
2,2,2,0,66,2,0,23904.125
2,2,2,0,66,4,0,726.5833333333334
2,2,2,0,66,6,0,1149.8333333333333
2,2,2,0,67,1,0,12782.75
2,2,2,0,67,2,0,28080.0
2,2,2,0,67,4,0,820.4166666666666
2,2,2,0,67,6,0,1332.7083333333333
2,2,2,0,68,1,0,8944.5
2,2,2,0,68,2,0,18005.583333333332
2,2,2,0,68,4,0,681.25
2,2,2,0,68,6,0,938.875
2,2,2,0,69,1,0,10370.5
2,2,2,0,69,2,0,21278.33333333333
2,2,2,0,69,3,0,405.7083333333333
2,2,2,0,69,4,0,766.0833333333334
2,2,2,0,69,6,0,981.9166666666666
2,2,2,0,70,1,0,9982.583333333334
2,2,2,0,70,2,0,20737.041666666668
2,2,2,0,70,3,0,436.125
2,2,2,0,70,4,0,376.25
2,2,2,0,70,4,1,809.0833333333334
2,2,2,0,70,4,2,425.3333333333333
2,2,2,0,70,4,3,833.25
2,2,2,0,70,6,0,1035.4583333333333
2,2,2,0,71,1,0,11735.5
2,2,2,0,71,2,0,24188.041666666668
2,2,2,0,71,3,0,415.2083333333333
2,2,2,0,71,6,0,1168.0416666666667
2,2,2,0,72,1,0,10504.333333333334
2,2,2,0,72,2,0,22835.33333333333
2,2,2,0,72,3,0,419.375
2,2,2,0,72,6,0,1103.75
2,2,2,0,73,1,0,12757.416666666666
2,2,2,0,73,2,0,27327.041666666668
2,2,2,0,73,3,0,379.4166666666667
2,2,2,0,73,6,0,1257.125
2,2,2,0,74,1,0,12222.25
2,2,2,0,74,2,0,25621.875
2,2,2,0,74,3,0,427.875
2,2,2,0,74,6,0,1195.1666666666667
2,2,2,0,75,1,0,14429.25
2,2,2,0,75,2,0,29918.33333333333
2,2,2,0,75,3,0,391.2916666666667
2,2,2,0,75,6,0,1431.375
2,2,2,0,76,1,0,9703.75
2,2,2,0,76,2,0,19022.83333333333
2,2,2,0,76,3,0,431.7083333333333
2,2,2,0,76,6,0,1012.7916666666666
2,2,2,0,77,1,0,11617.25
2,2,2,0,77,2,0,23229.0
2,2,2,0,77,3,0,391.8333333333333
2,2,2,0,77,6,0,1109.5
2,2,2,0,78,1,0,11085.583333333334
2,2,2,0,78,2,0,22187.95833333333
2,2,2,0,78,3,0,424.875
2,2,2,0,78,6,0,1056.2083333333333
2,2,2,0,79,1,0,13463.083333333334
2,2,2,0,79,2,0,26623.916666666668
2,2,2,0,79,3,0,396.75
2,2,2,0,79,6,0,1240.9166666666667
2,2,2,0,80,1,0,10028.0
2,2,2,0,80,2,0,5081.083333333333
2,2,2,0,80,2,1,5542.708333333333
2,2,2,0,80,2,2,26016.58333333333
2,2,2,0,80,2,3,27359.416666666668
2,2,2,0,80,3,0,87.70833333333333
2,2,2,0,80,3,1,89.66666666666667
2,2,2,0,80,3,2,426.7916666666667
2,2,2,0,80,3,3,423.375
2,2,2,0,80,6,0,303.5416666666667
2,2,2,0,80,6,1,309.7916666666667
2,2,2,0,80,6,2,1233.7083333333333
2,2,2,0,80,6,3,1262.25
2,2,2,0,81,1,0,12340.75
2,2,2,0,82,1,0,12061.583333333334
2,2,2,0,83,1,0,13873.0
2,2,2,0,84,1,0,9268.416666666666
2,2,2,0,85,1,0,11154.0
2,2,2,0,86,1,0,10856.75
2,2,2,0,87,1,0,12635.25
2,2,2,0,88,1,0,11153.583333333334
2,2,2,0,89,1,0,12801.333333333334
2,2,2,0,90,1,0,230.83333333333331
2,2,2,0,90,1,1,5558.583333333333
2,2,2,0,90,1,2,243.66666666666663
2,2,2,0,90,1,3,14637.833333333334
2,2,2,1,59,1,0,22291.5
2,2,2,1,59,2,0,44130.520833333336
2,2,2,1,59,4,0,1197.2083333333333
2,2,2,1,59,6,0,3525.9791666666665
2,2,2,1,60,1,0,17613.75
2,2,2,1,60,2,0,31169.3125
2,2,2,1,60,4,0,1132.5833333333333
2,2,2,1,60,6,0,2588.6041666666665
2,2,2,1,61,1,0,18322.20833333333
2,2,2,1,61,2,0,34348.791666666664
2,2,2,1,61,4,0,1173.0833333333333
2,2,2,1,61,6,0,2594.5625
2,2,2,1,62,1,0,18136.95833333333
2,2,2,1,62,2,0,33680.854166666664
2,2,2,1,62,4,0,1216.375
2,2,2,1,62,6,0,2680.625
2,2,2,1,63,1,0,18951.666666666668
2,2,2,1,63,2,0,35216.104166666664
2,2,2,1,63,4,0,1187.9166666666667
2,2,2,1,63,6,0,2597.1875
2,2,2,1,64,1,0,15883.333333333334
2,2,2,1,64,2,0,29650.39583333333
2,2,2,1,64,4,0,1022.7083333333334
2,2,2,1,64,6,0,2532.5625
2,2,2,1,65,1,0,17781.958333333332
2,2,2,1,65,2,0,34141.375
2,2,2,1,65,4,0,1085.9166666666667
2,2,2,1,65,6,0,2731.25
2,2,2,1,66,1,0,17875.791666666668
2,2,2,1,66,2,0,33591.520833333336
2,2,2,1,66,4,0,1085.4166666666667
2,2,2,1,66,6,0,2796.0625
2,2,2,1,67,1,0,19775.45833333333
2,2,2,1,67,2,0,38630.145833333336
2,2,2,1,67,4,0,1133.1666666666667
2,2,2,1,67,6,0,3128.375
2,2,2,1,68,1,0,15346.416666666666
2,2,2,1,68,2,0,25870.541666666668
2,2,2,1,68,4,0,1033.5
2,2,2,1,68,6,0,2300.708333333333
2,2,2,1,69,1,0,16949.708333333332
2,2,2,1,69,2,0,29665.39583333333
2,2,2,1,69,3,0,1764.4166666666667
2,2,2,1,69,4,0,1096.9583333333333
2,2,2,1,69,5,0,7337.4375
2,2,2,1,69,6,0,2414.1875
2,2,2,1,70,1,0,16981.875
2,2,2,1,70,2,0,29255.02083333333
2,2,2,1,70,3,0,1713.6666666666667
2,2,2,1,70,4,0,485.3333333333333
2,2,2,1,70,4,1,1176.7083333333333
2,2,2,1,70,4,2,534.2916666666666
2,2,2,1,70,4,3,1168.6666666666667
2,2,2,1,70,4,4,1150.5833333333333
2,2,2,1,70,5,0,7495.791666666667
2,2,2,1,70,6,0,2435.1041666666665
2,2,2,1,71,1,0,18651.791666666668
2,2,2,1,71,2,0,33973.8125
2,2,2,1,71,3,0,1641.4166666666667
2,2,2,1,71,5,0,7383.666666666667
2,2,2,1,71,6,0,2783.395833333333
2,2,2,1,72,1,0,17699.541666666668
2,2,2,1,72,2,0,31886.77083333333
2,2,2,1,72,3,0,1622.4166666666667
2,2,2,1,72,5,0,7410.229166666667
2,2,2,1,72,6,0,2704.583333333333
2,2,2,1,73,1,0,19987.166666666668
2,2,2,1,73,2,0,37423.29166666666
2,2,2,1,73,3,0,1421.5
2,2,2,1,73,5,0,7266.520833333333
2,2,2,1,73,6,0,3036.7291666666665
2,2,2,1,74,1,0,19541.83333333333
2,2,2,1,74,2,0,35631.75
2,2,2,1,74,3,0,1626.1458333333333
2,2,2,1,74,5,0,7416.75
2,2,2,1,74,6,0,2920.2291666666665
2,2,2,1,75,1,0,21973.08333333333
2,2,2,1,75,2,0,40673.10416666666
2,2,2,1,75,3,0,1561.4166666666667
2,2,2,1,75,5,0,7293.270833333333
2,2,2,1,75,6,0,3277.3541666666665
2,2,2,1,76,1,0,16215.625
2,2,2,1,76,2,0,27507.52083333333
2,2,2,1,76,3,0,1708.25
2,2,2,1,76,5,0,7321.0
2,2,2,1,76,6,0,2416.270833333333
2,2,2,1,77,1,0,18192.25
2,2,2,1,77,2,0,32427.916666666668
2,2,2,1,77,3,0,1510.0416666666667
2,2,2,1,77,5,0,7256.791666666667
2,2,2,1,77,6,0,2638.9166666666665
2,2,2,1,78,1,0,18093.916666666668
2,2,2,1,78,2,0,31308.3125
2,2,2,1,78,3,0,1745.9166666666667
2,2,2,1,78,5,0,7469.583333333333
2,2,2,1,78,6,0,2579.6875
2,2,2,1,79,1,0,20010.83333333333
2,2,2,1,79,2,0,36975.97916666666
2,2,2,1,79,3,0,1651.375
2,2,2,1,79,5,0,7374.6875
2,2,2,1,79,6,0,2968.833333333333
2,2,2,1,80,1,0,17135.541666666668
2,2,2,1,80,2,0,7150.854166666667
2,2,2,1,80,2,1,7453.5625
2,2,2,1,80,2,2,36147.145833333336
2,2,2,1,80,2,3,37931.75
2,2,2,1,80,2,4,34097.291666666664
2,2,2,1,80,3,0,131.85416666666666
2,2,2,1,80,3,1,127.0625
2,2,2,1,80,3,2,1650.3333333333333
2,2,2,1,80,3,3,1520.1666666666667
2,2,2,1,80,3,4,1726.7083333333333
2,2,2,1,80,5,0,7354.375
2,2,2,1,80,6,0,653.2291666666666
2,2,2,1,80,6,1,683.6041666666666
2,2,2,1,80,6,2,2982.25
2,2,2,1,80,6,3,3077.645833333333
2,2,2,1,80,6,4,2810.6875
2,2,2,1,81,1,0,19010.791666666668
2,2,2,1,81,5,0,7129.708333333333
2,2,2,1,82,1,0,19555.541666666668
2,2,2,1,82,5,0,7332.958333333333
2,2,2,1,83,1,0,21271.166666666668
2,2,2,1,83,5,0,7117.4375
2,2,2,1,84,1,0,15953.166666666666
2,2,2,1,84,5,0,7283.270833333333
2,2,2,1,85,1,0,17470.541666666668
2,2,2,1,85,5,0,7043.9375
2,2,2,1,86,1,0,17668.416666666668
2,2,2,1,86,5,0,7397.625
2,2,2,1,87,1,0,19462.20833333333
2,2,2,1,87,5,0,7221.854166666667
2,2,2,1,88,1,0,18201.541666666668
2,2,2,1,88,5,0,7256.0
2,2,2,1,89,1,0,19728.166666666668
2,2,2,1,89,5,0,7156.583333333333
2,2,2,1,90,1,0,312.1666666666667
2,2,2,1,90,1,1,8841.125
2,2,2,1,90,1,2,333.5
2,2,2,1,90,1,3,23464.666666666668
2,2,2,1,90,1,4,20901.0
2,2,2,1,90,5,0,82.02083333333333
2,2,2,1,90,5,1,1217.5208333333333
2,2,2,1,90,5,2,8721.145833333334
2,2,2,1,90,5,3,7825.625
2,2,2,1,90,5,4,78.79166666666667
2,3,2,0,59,1,0,16739.041666666668
2,3,2,0,59,2,0,39670.04166666666
2,3,2,0,59,4,0,842.9583333333334
2,3,2,0,59,6,0,1327.2083333333333
2,3,2,0,60,1,0,11861.0
2,3,2,0,60,2,0,27674.08333333333
2,3,2,0,60,4,0,773.25
2,3,2,0,60,6,0,903.7083333333334
2,3,2,0,61,1,0,13457.708333333334
2,3,2,0,61,2,0,31959.45833333333
2,3,2,0,61,4,0,803.0833333333334
2,3,2,0,61,6,0,943.5833333333334
2,3,2,0,62,1,0,13017.083333333334
2,3,2,0,62,2,0,30492.95833333333
2,3,2,0,62,4,0,780.4166666666666
2,3,2,0,62,6,0,930.5
2,3,2,0,63,1,0,14320.583333333334
2,3,2,0,63,2,0,32823.0
2,3,2,0,63,4,0,829.9583333333334
2,3,2,0,63,6,0,972.75
2,3,2,0,64,1,0,10384.083333333334
2,3,2,0,64,2,0,24532.541666666668
2,3,2,0,64,4,0,635.2916666666666
2,3,2,0,64,6,0,908.9583333333334
2,3,2,0,65,1,0,12516.625
2,3,2,0,65,2,0,29321.5
2,3,2,0,65,4,0,690.7083333333334
2,3,2,0,65,6,0,965.8333333333334
2,3,2,0,66,1,0,12204.791666666666
2,3,2,0,66,2,0,28473.416666666668
2,3,2,0,66,4,0,692.3333333333334
2,3,2,0,66,6,0,999.7916666666666
2,3,2,0,67,1,0,14441.75
2,3,2,0,67,2,0,33097.208333333336
2,3,2,0,67,4,0,743.0416666666666
2,3,2,0,67,6,0,1141.0833333333333
2,3,2,0,68,1,0,10022.333333333334
2,3,2,0,68,2,0,21373.375
2,3,2,0,68,4,0,640.0416666666666
2,3,2,0,68,6,0,835.2083333333334
2,3,2,0,69,1,0,11647.5
2,3,2,0,69,2,0,25577.666666666668
2,3,2,0,69,3,0,457.625
2,3,2,0,69,4,0,717.5
2,3,2,0,69,6,0,864.1666666666666
2,3,2,0,70,1,0,11435.291666666666
2,3,2,0,70,2,0,24643.916666666668
2,3,2,0,70,3,0,447.2083333333333
2,3,2,0,70,4,0,357.7083333333333
2,3,2,0,70,4,1,785.0833333333334
2,3,2,0,70,4,2,394.0
2,3,2,0,70,4,3,775.625
2,3,2,0,70,6,0,893.6666666666666
2,3,2,0,71,1,0,13227.208333333334
2,3,2,0,71,2,0,29357.125
2,3,2,0,71,3,0,420.0
2,3,2,0,71,6,0,1013.6666666666666
2,3,2,0,72,1,0,11892.416666666666
2,3,2,0,72,2,0,27071.33333333333
2,3,2,0,72,3,0,430.0416666666667
2,3,2,0,72,6,0,968.0416666666666
2,3,2,0,73,1,0,14420.0
2,3,2,0,73,2,0,32429.625
2,3,2,0,73,3,0,410.2083333333333
2,3,2,0,73,6,0,1094.125
2,3,2,0,74,1,0,13831.833333333334
2,3,2,0,74,2,0,30254.0
2,3,2,0,74,3,0,446.5833333333333
2,3,2,0,74,6,0,1022.75
2,3,2,0,75,1,0,16537.958333333332
2,3,2,0,75,2,0,35396.958333333336
2,3,2,0,75,3,0,412.9166666666667
2,3,2,0,75,6,0,1230.0416666666667
2,3,2,0,76,1,0,10863.75
2,3,2,0,76,2,0,22905.791666666668
2,3,2,0,76,3,0,434.5833333333333
2,3,2,0,76,6,0,873.875
2,3,2,0,77,1,0,13256.291666666666
2,3,2,0,77,2,0,27642.20833333333
2,3,2,0,77,3,0,409.8333333333333
2,3,2,0,77,6,0,957.4166666666666
2,3,2,0,78,1,0,12714.458333333334
2,3,2,0,78,2,0,26386.0
2,3,2,0,78,3,0,452.5416666666667
2,3,2,0,78,6,0,955.0416666666666
2,3,2,0,79,1,0,14992.708333333334
2,3,2,0,79,2,0,31569.70833333333
2,3,2,0,79,3,0,425.375
2,3,2,0,79,6,0,1097.9583333333333
2,3,2,0,80,1,0,11213.208333333334
2,3,2,0,80,2,0,6111.833333333333
2,3,2,0,80,2,1,6569.083333333333
2,3,2,0,80,2,2,30916.541666666668
2,3,2,0,80,2,3,32575.20833333333
2,3,2,0,80,3,0,91.54166666666669
2,3,2,0,80,3,1,84.83333333333333
2,3,2,0,80,3,2,442.75
2,3,2,0,80,3,3,447.4166666666667
2,3,2,0,80,6,0,272.4583333333333
2,3,2,0,80,6,1,271.6666666666667
2,3,2,0,80,6,2,1069.9583333333333
2,3,2,0,80,6,3,1118.7916666666667
2,3,2,0,81,1,0,13723.625
2,3,2,0,82,1,0,13424.25
2,3,2,0,83,1,0,15716.833333333334
2,3,2,0,84,1,0,10541.541666666666
2,3,2,0,85,1,0,12536.208333333334
2,3,2,0,86,1,0,12223.166666666666
2,3,2,0,87,1,0,14295.25
2,3,2,0,88,1,0,12440.375
2,3,2,0,89,1,0,14557.25
2,3,2,0,90,1,0,249.66666666666663
2,3,2,0,90,1,1,6126.125
2,3,2,0,90,1,2,272.2916666666667
2,3,2,0,90,1,3,16347.208333333334
2,3,2,1,59,1,0,19136.63333333333
2,3,2,1,59,2,0,41602.16666666666
2,3,2,1,59,4,0,1290.4833333333331
2,3,2,1,59,6,0,4739.6
2,3,2,1,60,1,0,15103.558333333332
2,3,2,1,60,2,0,29371.266666666663
2,3,2,1,60,4,0,1222.025
2,3,2,1,60,6,0,3536.1833333333334
2,3,2,1,61,1,0,15871.1
2,3,2,1,61,2,0,32508.366666666665
2,3,2,1,61,4,0,1259.8916666666669
2,3,2,1,61,6,0,3492.425
2,3,2,1,62,1,0,15812.316666666668
2,3,2,1,62,2,0,32002.175
2,3,2,1,62,4,0,1244.6916666666666
2,3,2,1,62,6,0,3671.9583333333335
2,3,2,1,63,1,0,16262.966666666667
2,3,2,1,63,2,0,33387.808333333334
2,3,2,1,63,4,0,1237.4916666666666
2,3,2,1,63,6,0,3537.383333333333
2,3,2,1,64,1,0,13685.866666666669
2,3,2,1,64,2,0,27994.025
2,3,2,1,64,4,0,1070.5333333333333
2,3,2,1,64,6,0,3491.35
2,3,2,1,65,1,0,15329.483333333334
2,3,2,1,65,2,0,32508.416666666668
2,3,2,1,65,4,0,1133.9
2,3,2,1,65,6,0,3687.508333333333
2,3,2,1,66,1,0,15472.741666666669
2,3,2,1,66,2,0,31910.641666666663
2,3,2,1,66,4,0,1118.9
2,3,2,1,66,6,0,3769.2
2,3,2,1,67,1,0,17152.616666666665
2,3,2,1,67,2,0,36755.1
2,3,2,1,67,4,0,1193.6833333333334
2,3,2,1,67,6,0,4251.225
2,3,2,1,68,1,0,13173.783333333333
2,3,2,1,68,2,0,24726.775
2,3,2,1,68,4,0,1087.6
2,3,2,1,68,6,0,3200.975
2,3,2,1,69,1,0,14430.041666666666
2,3,2,1,69,2,0,28220.525
2,3,2,1,69,3,0,1715.25
2,3,2,1,69,4,0,1159.3166666666666
2,3,2,1,69,5,0,7877.808333333333
2,3,2,1,69,6,0,3274.65
2,3,2,1,70,1,0,14385.091666666667
2,3,2,1,70,2,0,27941.7
2,3,2,1,70,3,0,1696.575
2,3,2,1,70,4,0,527.1666666666666
2,3,2,1,70,4,1,1237.525
2,3,2,1,70,4,2,583.25
2,3,2,1,70,4,3,1266.425
2,3,2,1,70,4,4,1243.8333333333333
2,3,2,1,70,5,0,8058.691666666667
2,3,2,1,70,6,0,3312.725
2,3,2,1,71,1,0,15919.775
2,3,2,1,71,2,0,32261.175
2,3,2,1,71,3,0,1663.95
2,3,2,1,71,5,0,7922.225
2,3,2,1,71,6,0,3734.4
2,3,2,1,72,1,0,15199.916666666666
2,3,2,1,72,2,0,30267.55
2,3,2,1,72,3,0,1622.3916666666669
2,3,2,1,72,5,0,7953.233333333334
2,3,2,1,72,6,0,3604.4416666666666
2,3,2,1,73,1,0,17220.925
2,3,2,1,73,2,0,35555.808333333334
2,3,2,1,73,3,0,1445.5083333333334
2,3,2,1,73,5,0,7801.858333333334
2,3,2,1,73,6,0,4094.0
2,3,2,1,74,1,0,16957.416666666668
2,3,2,1,74,2,0,33842.833333333336
2,3,2,1,74,3,0,1632.35
2,3,2,1,74,5,0,8071.125
2,3,2,1,74,6,0,4024.116666666667
2,3,2,1,75,1,0,18952.533333333333
2,3,2,1,75,2,0,38762.84166666667
2,3,2,1,75,3,0,1540.6
2,3,2,1,75,5,0,7875.508333333333
2,3,2,1,75,6,0,4453.783333333334
2,3,2,1,76,1,0,14045.366666666669
2,3,2,1,76,2,0,26250.525
2,3,2,1,76,3,0,1667.4
2,3,2,1,76,5,0,7937.208333333333
2,3,2,1,76,6,0,3242.741666666667
2,3,2,1,77,1,0,15737.091666666667
2,3,2,1,77,2,0,30761.566666666666
2,3,2,1,77,3,0,1461.9
2,3,2,1,77,5,0,7835.65
2,3,2,1,77,6,0,3556.116666666667
2,3,2,1,78,1,0,15636.925
2,3,2,1,78,2,0,29784.766666666663
2,3,2,1,78,3,0,1702.175
2,3,2,1,78,5,0,8030.866666666667
2,3,2,1,78,6,0,3555.6666666666665
2,3,2,1,79,1,0,17386.633333333335
2,3,2,1,79,2,0,34993.51666666667
2,3,2,1,79,3,0,1619.9916666666666
2,3,2,1,79,5,0,7956.016666666666
2,3,2,1,79,6,0,4051.891666666667
2,3,2,1,80,1,0,14721.075
2,3,2,1,80,2,0,6826.716666666666
2,3,2,1,80,2,1,7162.425
2,3,2,1,80,2,2,34314.566666666666
2,3,2,1,80,2,3,36101.85
2,3,2,1,80,2,4,32349.941666666666
2,3,2,1,80,3,0,125.51666666666668
2,3,2,1,80,3,1,123.25
2,3,2,1,80,3,2,1601.3083333333334
2,3,2,1,80,3,3,1525.9083333333333
2,3,2,1,80,3,4,1725.8083333333334
2,3,2,1,80,5,0,7918.483333333334
2,3,2,1,80,6,0,879.675
2,3,2,1,80,6,1,914.875
2,3,2,1,80,6,2,3993.55
2,3,2,1,80,6,3,4093.283333333333
2,3,2,1,80,6,4,3755.758333333333
2,3,2,1,81,1,0,16501.116666666665
2,3,2,1,81,5,0,7633.041666666667
2,3,2,1,82,1,0,16757.591666666667
2,3,2,1,82,5,0,7966.075
2,3,2,1,83,1,0,18241.95
2,3,2,1,83,5,0,7776.916666666667
2,3,2,1,84,1,0,13713.033333333333
2,3,2,1,84,5,0,7921.883333333333
2,3,2,1,85,1,0,15027.566666666668
2,3,2,1,85,5,0,7660.591666666666
2,3,2,1,86,1,0,15241.533333333333
2,3,2,1,86,5,0,7981.433333333333
2,3,2,1,87,1,0,16924.258333333335
2,3,2,1,87,5,0,7745.391666666666
2,3,2,1,88,1,0,15732.175
2,3,2,1,88,5,0,7837.233333333334
2,3,2,1,89,1,0,16876.158333333333
2,3,2,1,89,5,0,7748.016666666666
2,3,2,1,90,1,0,279.65
2,3,2,1,90,1,1,7642.65
2,3,2,1,90,1,2,290.65
2,3,2,1,90,1,3,20243.15
2,3,2,1,90,1,4,17944.716666666667
2,3,2,1,90,5,0,82.425
2,3,2,1,90,5,1,1316.9833333333331
2,3,2,1,90,5,2,9365.45
2,3,2,1,90,5,3,8474.025
2,3,2,1,90,5,4,82.00833333333334
